{
    "items": [
        {
            "crewsetup_id": 184,
            "crewsetup_line_id": 162,
            "primary_timekeeper_id": 300000126358919,
            "secondary_timekeeper_id": 300000156840204,
            "supervisor": null,
            "resource_number": "1007",
            "assignment_number": "E37797",
            "resource_name": "Christelle Stevenson",
            "resource_role": "Manager",
            "bill_rate": "10",
            "pay_rate": "10",
            "ot_rate": "10",
            "project_id": null,
            "project_number": "900R-55EJOHN",
            "project_name": null,
            "customer_id": 100000000395799,
            "contract_id": null,
            "task_id": 100002491205062,
            "task_name": "Design Review",
            "resource_type": "EMPLOYEE",
            "po": null,
            "po_line": null,
            "resource_location": "Redwood City",
            "equipment_category": null,
            "equipment_rate": null,
            "crew_week": null,
            "sun_in_time": "08:00",
            "sun_out_time": "08:00",
            "mon_in_time": "08:00",
            "mon_out_time": "17:00",
            "tue_in_time": "08:00",
            "tue_out_time": "17:00",
            "wed_in_time": "08:00",
            "wed_out_time": "17:00",
            "thu_in_time": "08:00",
            "thu_out_time": "17:00",
            "fri_in_time": "08:00",
            "fri_out_time": "17:00",
            "sat_in_time": "08:00",
            "sat_out_time": "16:00",
            "active_flag": "Y",
            "start_date": "2024-04-01T00:00:00Z",
            "end_date": "2024-04-30T00:00:00Z",
            "week_start_date": null,
            "week_end_date": null,
            "total_hours": 53,
            "sun_total_hours": 0,
            "mon_total_hours": 9,
            "tue_total_hours": 9,
            "wed_total_hours": 9,
            "thu_total_hours": 9,
            "fri_total_hours": 9,
            "sat_total_hours": 8
        }
    ],
    "hasMore": false,
    "limit": 25,
    "offset": 0,
    "count": 1,
    "links": [
        {
            "rel": "self",
            "href": "http://129.158.228.138:8080/ords/timerite/timerite/getTimeSheetTbl?crew_name=ABC_NPS"
        },
        {
            "rel": "describedby",
            "href": "http://129.158.228.138:8080/ords/timerite/metadata-catalog/timerite/item"
        },
        {
            "rel": "first",
            "href": "http://129.158.228.138:8080/ords/timerite/timerite/getTimeSheetTbl?crew_name=ABC_NPS"
        }
    ]
}