[ {
  "INVOICE_LINE_NUMBER" : "2",
  "CONTRACT_LINE_NUMBER" : "3",
  "DESCRIPTION_OF_WORK" : "1",
  "LINE_DESCRIPTION" : "3         ",
  "SCHEDULED_VALUE" : -2400,
  "INVOICE_AMOUNT" : 7500,
  "INVOICE_NUM" : "1",
  "INVOICE_LINE_ID" : "100002702193467",
  "INVOICE_ID" : "100002702193465",
  "CONTRACT_NUMBER" : "5555",
  "ID" : "300001514993823"
}, {
  "INVOICE_LINE_NUMBER" : "6",
  "CONTRACT_LINE_NUMBER" : "3",
  "DESCRIPTION_OF_WORK" : "1",
  "LINE_DESCRIPTION" : "USD       3         ",
  "SCHEDULED_VALUE" : -2400,
  "INVOICE_AMOUNT" : -1500,
  "INVOICE_NUM" : "1",
  "INVOICE_LINE_ID" : "100002702193471",
  "INVOICE_ID" : "100002702193465",
  "CONTRACT_NUMBER" : "5555",
  "ID" : "300001514993823"
}, {
  "INVOICE_LINE_NUMBER" : "2",
  "CONTRACT_LINE_NUMBER" : "3",
  "DESCRIPTION_OF_WORK" : "1",
  "LINE_DESCRIPTION" : "3         ",
  "SCHEDULED_VALUE" : -2400,
  "INVOICE_AMOUNT" : 4500,
  "INVOICE_NUM" : "2",
  "INVOICE_LINE_ID" : "100002702641521",
  "INVOICE_ID" : "100002702641519",
  "CONTRACT_NUMBER" : "5555",
  "ID" : "300001514993823"
}, {
  "INVOICE_LINE_NUMBER" : "6",
  "CONTRACT_LINE_NUMBER" : "3",
  "DESCRIPTION_OF_WORK" : "1",
  "LINE_DESCRIPTION" : "USD       3         ",
  "SCHEDULED_VALUE" : -2400,
  "INVOICE_AMOUNT" : -900,
  "INVOICE_NUM" : "2",
  "INVOICE_LINE_ID" : "100002702641525",
  "INVOICE_ID" : "100002702641519",
  "CONTRACT_NUMBER" : "5555",
  "ID" : "300001514993823"
}, {
  "INVOICE_LINE_NUMBER" : "4",
  "CONTRACT_LINE_NUMBER" : "4",
  "DESCRIPTION_OF_WORK" : "1",
  "LINE_DESCRIPTION" : "4         ",
  "SCHEDULED_VALUE" : -3000,
  "INVOICE_AMOUNT" : 9000,
  "INVOICE_NUM" : "1",
  "INVOICE_LINE_ID" : "100002702193469",
  "INVOICE_ID" : "100002702193465",
  "CONTRACT_NUMBER" : "5555",
  "ID" : "300001514993823"
}, {
  "INVOICE_LINE_NUMBER" : "7",
  "CONTRACT_LINE_NUMBER" : "4",
  "DESCRIPTION_OF_WORK" : "1",
  "LINE_DESCRIPTION" : "USD       4         ",
  "SCHEDULED_VALUE" : -3000,
  "INVOICE_AMOUNT" : -900,
  "INVOICE_NUM" : "1",
  "INVOICE_LINE_ID" : "100002702193472",
  "INVOICE_ID" : "100002702193465",
  "CONTRACT_NUMBER" : "5555",
  "ID" : "300001514993823"
}, {
  "INVOICE_LINE_NUMBER" : "4",
  "CONTRACT_LINE_NUMBER" : "4",
  "DESCRIPTION_OF_WORK" : "1",
  "LINE_DESCRIPTION" : "4         ",
  "SCHEDULED_VALUE" : -3000,
  "INVOICE_AMOUNT" : 21000,
  "INVOICE_NUM" : "2",
  "INVOICE_LINE_ID" : "100002702641523",
  "INVOICE_ID" : "100002702641519",
  "CONTRACT_NUMBER" : "5555",
  "ID" : "300001514993823"
}, {
  "INVOICE_LINE_NUMBER" : "7",
  "CONTRACT_LINE_NUMBER" : "4",
  "DESCRIPTION_OF_WORK" : "1",
  "LINE_DESCRIPTION" : "USD       4         ",
  "SCHEDULED_VALUE" : -3000,
  "INVOICE_AMOUNT" : -2100,
  "INVOICE_NUM" : "2",
  "INVOICE_LINE_ID" : "100002702641526",
  "INVOICE_ID" : "100002702641519",
  "CONTRACT_NUMBER" : "5555",
  "ID" : "300001514993823"
}, {
  "INVOICE_LINE_NUMBER" : "3",
  "CONTRACT_LINE_NUMBER" : "2",
  "DESCRIPTION_OF_WORK" : "1",
  "LINE_DESCRIPTION" : "2         ",
  "SCHEDULED_VALUE" : -2700,
  "INVOICE_AMOUNT" : 6000,
  "INVOICE_NUM" : "1",
  "INVOICE_LINE_ID" : "100002702193468",
  "INVOICE_ID" : "100002702193465",
  "CONTRACT_NUMBER" : "5555",
  "ID" : "300001514993823"
}, {
  "INVOICE_LINE_NUMBER" : "8",
  "CONTRACT_LINE_NUMBER" : "2",
  "DESCRIPTION_OF_WORK" : "1",
  "LINE_DESCRIPTION" : "USD       2         ",
  "SCHEDULED_VALUE" : -2700,
  "INVOICE_AMOUNT" : -1800,
  "INVOICE_NUM" : "1",
  "INVOICE_LINE_ID" : "100002702193473",
  "INVOICE_ID" : "100002702193465",
  "CONTRACT_NUMBER" : "5555",
  "ID" : "300001514993823"
}, {
  "INVOICE_LINE_NUMBER" : "3",
  "CONTRACT_LINE_NUMBER" : "2",
  "DESCRIPTION_OF_WORK" : "1",
  "LINE_DESCRIPTION" : "2         ",
  "SCHEDULED_VALUE" : -2700,
  "INVOICE_AMOUNT" : 3000,
  "INVOICE_NUM" : "2",
  "INVOICE_LINE_ID" : "100002702641522",
  "INVOICE_ID" : "100002702641519",
  "CONTRACT_NUMBER" : "5555",
  "ID" : "300001514993823"
}, {
  "INVOICE_LINE_NUMBER" : "8",
  "CONTRACT_LINE_NUMBER" : "2",
  "DESCRIPTION_OF_WORK" : "1",
  "LINE_DESCRIPTION" : "USD       2         ",
  "SCHEDULED_VALUE" : -2700,
  "INVOICE_AMOUNT" : -900,
  "INVOICE_NUM" : "2",
  "INVOICE_LINE_ID" : "100002702641527",
  "INVOICE_ID" : "100002702641519",
  "CONTRACT_NUMBER" : "5555",
  "ID" : "300001514993823"
}, {
  "INVOICE_LINE_NUMBER" : "1",
  "CONTRACT_LINE_NUMBER" : "1",
  "DESCRIPTION_OF_WORK" : "1",
  "LINE_DESCRIPTION" : "1         ",
  "SCHEDULED_VALUE" : -1200,
  "INVOICE_AMOUNT" : 10500,
  "INVOICE_NUM" : "1",
  "INVOICE_LINE_ID" : "100002702193466",
  "INVOICE_ID" : "100002702193465",
  "CONTRACT_NUMBER" : "5555",
  "ID" : "300001514993823"
}, {
  "INVOICE_LINE_NUMBER" : "5",
  "CONTRACT_LINE_NUMBER" : "1",
  "DESCRIPTION_OF_WORK" : "1",
  "LINE_DESCRIPTION" : "USD       1         ",
  "SCHEDULED_VALUE" : -1200,
  "INVOICE_AMOUNT" : -1050,
  "INVOICE_NUM" : "1",
  "INVOICE_LINE_ID" : "100002702193470",
  "INVOICE_ID" : "100002702193465",
  "CONTRACT_NUMBER" : "5555",
  "ID" : "300001514993823"
}, {
  "INVOICE_LINE_NUMBER" : "1",
  "CONTRACT_LINE_NUMBER" : "1",
  "DESCRIPTION_OF_WORK" : "1",
  "LINE_DESCRIPTION" : "1         ",
  "SCHEDULED_VALUE" : -1200,
  "INVOICE_AMOUNT" : 1500,
  "INVOICE_NUM" : "2",
  "INVOICE_LINE_ID" : "100002702641520",
  "INVOICE_ID" : "100002702641519",
  "CONTRACT_NUMBER" : "5555",
  "ID" : "300001514993823"
}, {
  "INVOICE_LINE_NUMBER" : "5",
  "CONTRACT_LINE_NUMBER" : "1",
  "DESCRIPTION_OF_WORK" : "1",
  "LINE_DESCRIPTION" : "USD       1         ",
  "SCHEDULED_VALUE" : -1200,
  "INVOICE_AMOUNT" : -150,
  "INVOICE_NUM" : "2",
  "INVOICE_LINE_ID" : "100002702641524",
  "INVOICE_ID" : "100002702641519",
  "CONTRACT_NUMBER" : "5555",
  "ID" : "300001514993823"
} ]