{
    "items": [
        {
            "resource_number": "101",
            "resource_name": "Curtis Feitty",
            "effective_start_date": "2024-04-08T00:00:00Z",
            "effective_end_date": "2024-04-28T00:00:00Z",
            "customer_name": "Conifer International",
            "project_number": "PFR10028",
            "task": null,
            "bill_rate": null,
            "pay_rate": null,
            "ot_rate": null
        }
    ],
    "hasMore": false,
    "limit": 25,
    "offset": 0,
    "count": 1,
    "links": [
        {
            "rel": "self",
            "href": "http://129.158.228.138:8080/ords/timerite/timerite/fetchScheduleDetails?resource_id=300000047888610&crewsetup_id=227&input_date=12-Apr-2024"
        },
        {
            "rel": "describedby",
            "href": "http://129.158.228.138:8080/ords/timerite/metadata-catalog/timerite/item"
        },
        {
            "rel": "first",
            "href": "http://129.158.228.138:8080/ords/timerite/timerite/fetchScheduleDetails?resource_id=300000047888610&crewsetup_id=227&input_date=12-Apr-2024"
        }
    ]
}