{
    "items": [
        {
            "EventTypeId": 300000216277390,
            "StartDateActive": "2019-11-01",
            "EndDateActive": null,
            "InvoiceFlag": false,
            "RevenueFlag": true,
            "EventTypeName": "Contra Cost Accrual Event Type",
            "Description": "Contra Cost Accrual Event Type",
            "RevenueCategory": "Fixed Price Contracts",
            "AllowAdjustmentFlag": true,
            "MigrationFlag": false
        },
        {
            "EventTypeId": 300000216277385,
            "StartDateActive": "2019-11-01",
            "EndDateActive": null,
            "InvoiceFlag": false,
            "RevenueFlag": true,
            "EventTypeName": "Cost Accrual Event Type",
            "Description": "Cost Accrual Event Type",
            "RevenueCategory": "Fixed Price Contracts",
            "AllowAdjustmentFlag": true,
            "MigrationFlag": false
        },
        {
            "EventTypeId": 300001514987086,
            "StartDateActive": "2001-01-01",
            "EndDateActive": null,
            "InvoiceFlag": true,
            "RevenueFlag": true,
            "EventTypeName": "Event Billing",
            "Description": "Event Billing",
            "RevenueCategory": "Other",
            "AllowAdjustmentFlag": true,
            "MigrationFlag": false
        },
        {
            "EventTypeId": 1,
            "StartDateActive": "1957-01-01",
            "EndDateActive": null,
            "InvoiceFlag": true,
            "RevenueFlag": true,
            "EventTypeName": "Fee",
            "Description": "Event to invoice and recognize revenue for fees earned",
            "RevenueCategory": "Fees Earned",
            "AllowAdjustmentFlag": true,
            "MigrationFlag": false
        },
        {
            "EventTypeId": 300000047539209,
            "StartDateActive": "2001-01-01",
            "EndDateActive": null,
            "InvoiceFlag": true,
            "RevenueFlag": true,
            "EventTypeName": "Fee ",
            "Description": "Fee",
            "RevenueCategory": "Other",
            "AllowAdjustmentFlag": true,
            "MigrationFlag": false
        },
        {
            "EventTypeId": 2,
            "StartDateActive": "1957-01-01",
            "EndDateActive": null,
            "InvoiceFlag": true,
            "RevenueFlag": false,
            "EventTypeName": "Invoice Fee",
            "Description": "Event to invoice fees earned",
            "RevenueCategory": "Fees Earned",
            "AllowAdjustmentFlag": true,
            "MigrationFlag": false
        },
        {
            "EventTypeId": 5,
            "StartDateActive": "1957-01-01",
            "EndDateActive": null,
            "InvoiceFlag": true,
            "RevenueFlag": false,
            "EventTypeName": "Invoice Milestone",
            "Description": "Event to invoice a specified amount based on a milestone",
            "RevenueCategory": "Fixed Price Contracts",
            "AllowAdjustmentFlag": true,
            "MigrationFlag": false
        },
        {
            "EventTypeId": 7,
            "StartDateActive": "1957-01-01",
            "EndDateActive": null,
            "InvoiceFlag": true,
            "RevenueFlag": false,
            "EventTypeName": "Invoice Progress",
            "Description": "Event to invoice a specified amount based on progress made",
            "RevenueCategory": "Fixed Price Contracts",
            "AllowAdjustmentFlag": true,
            "MigrationFlag": false
        },
        {
            "EventTypeId": 300000047539210,
            "StartDateActive": "2001-01-01",
            "EndDateActive": null,
            "InvoiceFlag": true,
            "RevenueFlag": false,
            "EventTypeName": "Manual Billing",
            "Description": "Manual Billing",
            "RevenueCategory": "Other",
            "AllowAdjustmentFlag": true,
            "MigrationFlag": false
        },
        {
            "EventTypeId": 300000081405502,
            "StartDateActive": "2010-01-01",
            "EndDateActive": null,
            "InvoiceFlag": false,
            "RevenueFlag": true,
            "EventTypeName": "Manual Revenue",
            "Description": "Manual Revenue",
            "RevenueCategory": "Other",
            "AllowAdjustmentFlag": true,
            "MigrationFlag": false
        },
        {
            "EventTypeId": 300001514993633,
            "StartDateActive": "2024-01-01",
            "EndDateActive": null,
            "InvoiceFlag": true,
            "RevenueFlag": false,
            "EventTypeName": "Material Stored",
            "Description": "Material Stored",
            "RevenueCategory": "OAK_FEE",
            "AllowAdjustmentFlag": true,
            "MigrationFlag": false
        },
        {
            "EventTypeId": 300000047539208,
            "StartDateActive": "2001-01-01",
            "EndDateActive": null,
            "InvoiceFlag": true,
            "RevenueFlag": true,
            "EventTypeName": "Milestone",
            "Description": "Milestone",
            "RevenueCategory": "Other",
            "AllowAdjustmentFlag": true,
            "MigrationFlag": false
        },
        {
            "EventTypeId": 300000230805869,
            "StartDateActive": "2001-01-01",
            "EndDateActive": null,
            "InvoiceFlag": true,
            "RevenueFlag": true,
            "EventTypeName": "Milestone Event for Items",
            "Description": "Fixed Price Contracts",
            "RevenueCategory": "Fixed Price Contracts",
            "AllowAdjustmentFlag": true,
            "MigrationFlag": false
        },
        {
            "EventTypeId": 4,
            "StartDateActive": "1957-01-01",
            "EndDateActive": null,
            "InvoiceFlag": true,
            "RevenueFlag": true,
            "EventTypeName": "Milestone_1",
            "Description": "Event to invoice and recognize revenue for a specified amount based on a milestone",
            "RevenueCategory": "Fixed Price Contracts",
            "AllowAdjustmentFlag": true,
            "MigrationFlag": false
        },
        {
            "EventTypeId": 300001514987593,
            "StartDateActive": "2024-01-01",
            "EndDateActive": null,
            "InvoiceFlag": true,
            "RevenueFlag": false,
            "EventTypeName": "OAK_Adjustment",
            "Description": "OAK_Adjustment",
            "RevenueCategory": "OAK_FEE",
            "AllowAdjustmentFlag": true,
            "MigrationFlag": false
        },
        {
            "EventTypeId": 300000309882526,
            "StartDateActive": "2020-01-01",
            "EndDateActive": null,
            "InvoiceFlag": true,
            "RevenueFlag": true,
            "EventTypeName": "OAK_Manual",
            "Description": "OAK_Manual",
            "RevenueCategory": "OAK_SERVICE_FEE",
            "AllowAdjustmentFlag": true,
            "MigrationFlag": false
        },
        {
            "EventTypeId": 9,
            "StartDateActive": "1957-01-01",
            "EndDateActive": null,
            "InvoiceFlag": true,
            "RevenueFlag": true,
            "EventTypeName": "Other",
            "Description": "Event to invoice and recognize revenue for a specified amount",
            "RevenueCategory": "Other Sources",
            "AllowAdjustmentFlag": true,
            "MigrationFlag": false
        },
        {
            "EventTypeId": 10,
            "StartDateActive": "1957-01-01",
            "EndDateActive": null,
            "InvoiceFlag": true,
            "RevenueFlag": false,
            "EventTypeName": "Other Invoice",
            "Description": "Event to invoice a specified amount",
            "RevenueCategory": "Other Sources",
            "AllowAdjustmentFlag": true,
            "MigrationFlag": false
        },
        {
            "EventTypeId": 11,
            "StartDateActive": "1957-01-01",
            "EndDateActive": null,
            "InvoiceFlag": false,
            "RevenueFlag": true,
            "EventTypeName": "Other Revenue",
            "Description": "Event to recognize revenue for a specified amount",
            "RevenueCategory": "Other Sources",
            "AllowAdjustmentFlag": true,
            "MigrationFlag": false
        },
        {
            "EventTypeId": 300000303726775,
            "StartDateActive": "2023-01-01",
            "EndDateActive": null,
            "InvoiceFlag": true,
            "RevenueFlag": true,
            "EventTypeName": "PAVAN CO MANUAL",
            "Description": "PAVAN CO MANUAL",
            "RevenueCategory": "PAVAN CO FEE",
            "AllowAdjustmentFlag": true,
            "MigrationFlag": false
        },
        {
            "EventTypeId": 300000255493687,
            "StartDateActive": "2020-01-01",
            "EndDateActive": null,
            "InvoiceFlag": true,
            "RevenueFlag": true,
            "EventTypeName": "PPM Manual",
            "Description": "PPM Manual",
            "RevenueCategory": "PPM Service Fee",
            "AllowAdjustmentFlag": true,
            "MigrationFlag": false
        },
        {
            "EventTypeId": 300000081405508,
            "StartDateActive": "2010-01-01",
            "EndDateActive": null,
            "InvoiceFlag": true,
            "RevenueFlag": false,
            "EventTypeName": "Percent Complete Billing",
            "Description": "Percent Complete Billing",
            "RevenueCategory": "Other",
            "AllowAdjustmentFlag": true,
            "MigrationFlag": false
        },
        {
            "EventTypeId": 300000081405509,
            "StartDateActive": "2010-01-01",
            "EndDateActive": null,
            "InvoiceFlag": false,
            "RevenueFlag": true,
            "EventTypeName": "Percent Complete Revenue",
            "Description": "Percent Complete Revenue",
            "RevenueCategory": "Other",
            "AllowAdjustmentFlag": true,
            "MigrationFlag": false
        },
        {
            "EventTypeId": 300000081405510,
            "StartDateActive": "2010-01-01",
            "EndDateActive": null,
            "InvoiceFlag": true,
            "RevenueFlag": false,
            "EventTypeName": "Percent Spent Billing",
            "Description": "Percent Spent Billing",
            "RevenueCategory": "Other",
            "AllowAdjustmentFlag": true,
            "MigrationFlag": false
        },
        {
            "EventTypeId": 300000081405511,
            "StartDateActive": "2010-01-01",
            "EndDateActive": null,
            "InvoiceFlag": false,
            "RevenueFlag": true,
            "EventTypeName": "Percent Spent Revenue",
            "Description": "Percent Spent Revenue",
            "RevenueCategory": "Other",
            "AllowAdjustmentFlag": true,
            "MigrationFlag": false
        }
    ],
    "count": 25,
    "hasMore": true,
    "limit": 25,
    "offset": 0,
    "links": [
        {
            "rel": "self",
            "href": "https://fa-etao-dev20-saasfademo1.ds-fa.oraclepdemos.com:443/fscmRestApi/resources/11.13.18.05/eventTypesLOV",
            "name": "eventTypesLOV",
            "kind": "collection"
        }
    ]
}