{
    "items": [
        {
            "resourceId": 300000115325195,
            "managerName": "Marc Grande"
        },
        {
            "resourceId": 300000054965017,
            "managerName": "Thomas Kendall"
        },
        {
            "resourceId": 300000054965021,
            "managerName": "Amy Marlin"
        },
        {
            "resourceId": 300000054965023,
            "managerName": "Alan James"
        },
        {
            "resourceId": 300000253110161,
            "managerName": "PPM"
        },
        {
            "resourceId": 300000222203839,
            "managerName": "Mateo Garcia"
        },
        {
            "resourceId": 300001517105847,
            "managerName": "INDIA-USER"
        },
        {
            "resourceId": 300000270840709,
            "managerName": "WCS"
        },
        {
            "resourceId": 300001379927726,
            "managerName": "Alan Cook"
        },
        {
            "resourceId": 300001514994432,
            "managerName": "DEMO-INR"
        },
        {
            "resourceId": 300000054965025,
            "managerName": "Honey Hopkins"
        },
        {
            "resourceId": 300000162756684,
            "managerName": "Santino Abate"
        },
        {
            "resourceId": 300000225024932,
            "managerName": "Jenny Brooks"
        },
        {
            "resourceId": 300000115325155,
            "managerName": "Liz Morgan"
        },
        {
            "resourceId": 300000322861944,
            "managerName": "brown casey"
        },
        {
            "resourceId": 300000277152373,
            "managerName": "Casey Brown"
        },
        {
            "resourceId": 300000115325235,
            "managerName": "Eleanor White"
        },
        {
            "resourceId": 300000299198663,
            "managerName": "PAVAN"
        },
        {
            "resourceId": 100000210201821,
            "managerName": "Brock Phillips"
        },
        {
            "resourceId": 300000183144837,
            "managerName": "Jack Kelly"
        },
        {
            "resourceId": 300000202881620,
            "managerName": "Neville Dodds"
        },
        {
            "resourceId": 300000297458062,
            "managerName": "ASL Emp1"
        },
        {
            "resourceId": 300000116695105,
            "managerName": "Kevin Schott"
        },
        {
            "resourceId": 300000054965031,
            "managerName": "Pierre Girard"
        },
        {
            "resourceId": 300000054965053,
            "managerName": "Casey Brown"
        },
        {
            "resourceId": 300000158420406,
            "managerName": "Laura McEvoy"
        },
        {
            "resourceId": 300000277152249,
            "managerName": "Allie Canas"
        },
        {
            "resourceId": 300000321486454,
            "managerName": "111"
        },
        {
            "resourceId": 300000113051118,
            "managerName": "Kelly Wilson"
        },
        {
            "resourceId": 300000399475933,
            "managerName": "RitePPM"
        },
        {
            "resourceId": 300000054965028,
            "managerName": "Mary Whitaker"
        },
        {
            "resourceId": 300000297458177,
            "managerName": "PPMSPL1"
        },
        {
            "resourceId": 300000115325105,
            "managerName": "Calvin Roth"
        },
        {
            "resourceId": 300000180660830,
            "managerName": "Grant Miller"
        },
        {
            "resourceId": 300000322436894,
            "managerName": "RS-PPM"
        },
        {
            "resourceId": 300000110686105,
            "managerName": "Alan Hooper"
        },
        {
            "resourceId": 100000210201822,
            "managerName": "Thomas Magnum"
        },
        {
            "resourceId": 100000210201823,
            "managerName": "Sally Shiffer"
        },
        {
            "resourceId": 300000180660828,
            "managerName": "Fiona Young"
        },
        {
            "resourceId": 300000545959707,
            "managerName": "VOLKS"
        },
        {
            "resourceId": 300000113051115,
            "managerName": "Frank Handy"
        },
        {
            "resourceId": 300000110686107,
            "managerName": "Lisa Jones"
        },
        {
            "resourceId": 300000308687674,
            "managerName": "OAK"
        },
        {
            "resourceId": 300000166633721,
            "managerName": "Nancy Falcone"
        },
        {
            "resourceId": 300000185942292,
            "managerName": "Mahesh Raju"
        },
        {
            "resourceId": 300000225192556,
            "managerName": "Karim Williams"
        },
        {
            "resourceId": 300000287508166,
            "managerName": "INTELLI"
        },
        {
            "resourceId": 300000141999781,
            "managerName": "Claudia Monet"
        },
        {
            "resourceId": 300000162756707,
            "managerName": "Casey Stevenson"
        },
        {
            "resourceId": 300000115325265,
            "managerName": "Ron Pines"
        }
    ],
    "count": 50
}