{
    "fields": [
        {
            "type": "number",
            "name": "id",
            "internal": false,
            "key": true,
            "oid": "45aab738-e5d2-4ba0-8cea-0bfef339c2a7",
            "required": true,
            "unique": true,
            "displayLabel": "Id"
        },
        {
            "type": "datetime",
            "name": "creationDate",
            "internal": false,
            "oid": "cb741f3c-f37d-4761-9d0a-741318d4177e",
            "displayLabel": "Created",
            "historyType": "timeCreated"
        },
        {
            "type": "datetime",
            "name": "lastUpdateDate",
            "internal": false,
            "oid": "4aef18c8-4079-4616-ade4-22e9d7d79a14",
            "displayLabel": "Last Updated",
            "historyType": "timeUpdated"
        },
        {
            "type": "string",
            "name": "createdBy",
            "internal": false,
            "oid": "a467802f-fa83-46c6-bfe1-3276c887d854",
            "displayLabel": "Created By",
            "historyType": "createdBy"
        },
        {
            "type": "string",
            "name": "lastUpdatedBy",
            "internal": false,
            "oid": "580eaf0e-ecab-4eac-91b2-38cb1106b66e",
            "displayLabel": "Last Updated By",
            "historyType": "updatedBy"
        },
        {
            "type": "number",
            "name": "versionNumber",
            "internal": false,
            "oid": "7d8b271b-3a6f-40e8-9d5a-45fc0a013e91",
            "displayLabel": "Version Number",
            "historyType": "versionNumber"
        },
        {
            "type": "string",
            "name": "project",
            "oid": "bbaa08c2-bdd0-4cd8-993d-c796c238b12f",
            "displayLabel": "Project"
        },
        {
            "type": "string",
            "name": "contract",
            "oid": "8368193b-99ca-4287-a6db-4c0f7637f533",
            "displayLabel": "Contract"
        },
        {
            "type": "string",
            "name": "customer",
            "oid": "ad734bf5-a886-45b6-bc14-ea7d92e26582",
            "displayLabel": "Customer"
        }
    ],
    "name": "MasterData",
    "oid": "da414e15-401c-47a8-8c2b-111bd7a441df",
    "displayLabel": "Master Data"
}