{
    "items": [
        {
            "crewsetup_id": 185,
            "customer_id": 100000000395799,
            "contract_id": 300000391217211,
            "project_id": null,
            "project_number": "RS-999",
            "task_id": 100002471920520,
            "task_name": "Project Management",
            "po": null,
            "po_line": null,
            "resource_type": "EMPLOYEE",
            "resource_number": "10",
            "resource_name": "Steward, Mandy",
            "resource_role": "Data Steward Manager",
            "resource_location": "Redwood City",
            "assignment_number": "E10",
            "equipment_category": "NA",
            "equipment_rate": "15",
            "bill_rate": "10",
            "pay_rate": "20",
            "ot_rate": "30",
            "active_flag": "Y",
            "effective_start_date": "2024-04-01T00:00:00Z",
            "effective_end_date": "2024-04-29T00:00:00Z",
            "start_date": "2024-04-01T00:00:00Z",
            "end_date": "2024-04-29T00:00:00Z",
            "time_entry_mode": "CREATE",
            "sun_in_time": "00:00",
            "sun_out_time": "00:00",
            "mon_in_time": "08:00",
            "mon_out_time": "16:00",
            "tue_in_time": "08:00",
            "tue_out_time": "17:00",
            "wed_in_time": "08:00",
            "wed_out_time": "18:00",
            "thu_in_time": "08:00",
            "thu_out_time": "16:00",
            "fri_in_time": "08:00",
            "fri_out_time": "17:00",
            "sat_in_time": "00:00",
            "sat_out_time": "00:00",
            "sun_quantity": "0",
            "mon_quantity": "8",
            "tue_quantity": "9",
            "wed_quantity": "10",
            "thu_quantity": "8",
            "fri_quantity": "9",
            "sat_quantity": "0",
            "creation_date": "2024-04-13T00:00:00Z",
            "last_updated_date": "2024-04-13T00:00:00Z",
            "last_updated_by": "maniteja.polnati@ritesoftware.com",
            "created_by": "maniteja.polnati@ritesoftware.com",
            "project_assigned": "Y",
            "resource_id": 300000047626100,
            "expenditure_type_id": null,
            "expenditure_type_name": null
        }
    ],
    "hasMore": false,
    "limit": 25,
    "offset": 0,
    "count": 1,
    "links": [
        {
            "rel": "self",
            "href": "http://129.158.228.138:8080/ords/timerite/timerite/getCrewSetUpLines/?crewsetup_id=185&resource_id=300000047626100"
        },
        {
            "rel": "edit",
            "href": "http://129.158.228.138:8080/ords/timerite/timerite/getCrewSetUpLines/?crewsetup_id=185&resource_id=300000047626100"
        },
        {
            "rel": "describedby",
            "href": "http://129.158.228.138:8080/ords/timerite/metadata-catalog/timerite/getCrewSetUpLines/"
        },
        {
            "rel": "first",
            "href": "http://129.158.228.138:8080/ords/timerite/timerite/getCrewSetUpLines/?crewsetup_id=185&resource_id=300000047626100"
        }
    ]
}