{
  "component-dependencies": {
    "oj-sample": {
      "version": "8.0.0",
      "components": {
        "export-data": "8.0.0"
      }
    },
    "oj-sp": {
      "version": "2407.0.0",
      "components": {
        "smart-select-single": "2407.0.0",
        "dashboard-landing-page": "2407.0.0",
        "advanced-create-edit": "2407.0.0",
        "analytics-canvas": "2407.0.0",
        "canvas-page": "2407.0.0",
        "collection-detail-page": "2407.0.0",
        "data-management-page": "2407.0.0",
        "dynamic-foldout-page": "2407.0.0",
        "general-drawer-template": "2407.0.0",
        "general-overview-page": "2407.0.0",
        "guided-process": "2407.0.0",
        "item-overview-page": "2407.0.0",
        "simple-create-edit": "2407.0.0",
        "smart-filter-search": "2407.0.0",
        "smart-search-page": "2407.0.0",
        "welcome-page": "2407.0.0",
        "guided-process-drawer-template": "2407.0.0",
        "create-edit-drawer-template": "2407.0.0",
        "advanced-create-edit-pattern": "2407.0.0",
        "collection-detail-page-pattern": "2407.0.0",
        "smart-filter-search-pattern": "2407.0.0",
        "general-overview-page-pattern": "2407.0.0"
      }
    },
    "oj-dyn": {
      "version": "16.0.11",
      "components": {
        "container": "16.0.11"
      }
    },
    "oj-dynamic": {
      "version": "16.0.11",
      "components": {
        "form": "16.0.11"
      }
    }
  }
}
