{
    "Items": [
        {
            "CUST_ROW_ID": "52729",
            "CUSTOMER_BATCH_ID": "",
            "CUSTOMER_BATCH_NUMBER": "",
            "CUSTOMER_ID": "300000115731627",
            "CUSTOMER_NUMBER": "330980",
            "CUSTOMER_NAME": "Brenda Cools",
            "CUSTOMER_EMAIL_ADDRESS": "brenda.cools_etao-dev20@oraclepdemos.com",
            "CUSTOMER_MOBILE_NUMBER": "",
            "PO_NUMBER": "",
            "PO_START_DATE": "",
            "PO_END_DATE": "",
            "QUANTITY": "",
            "EQUIPMENT_MODULE": "",
            "MATERIAL_USAGE": "",
            "CUSTOMER_WORK_WEEK_START_DATE": "",
            "CUSTOMER_WORK_WEEK_END_DATE": "",
            "NO_OF_DAYS": "",
            "OT_ALLOWED": "",
            "OT_THRESHOLD_MEASURE": "",
            "OT_THRESHOLD_LIMIT": "",
            "TIME_CARD_APPROVAL_REQUIRED_FLAG": "",
            "BILLING_FREQUENCY": "",
            "ACTIVE_FLAG": "",
            "TIMECARD_COLLATION": "",
            "CLIENT_ERP_SYSTEM": "",
            "TIMECARD_BALANCING": "",
            "CLIENT_ERS_ENABLED": "",
            "EFFECTIVE_START_DATE": "",
            "EFFECTIVE_END_DATE": "",
            "PER_DIEM": "",
            "BONUS": "",
            "SAFETY_BONUS": "",
            "CONTRACT_LINK": "",
            "PROJECT_LINK ": "",
            "CREATED_BY": "",
            "CREATION_DATE": "",
            "LAST_UPD_BY": "",
            "LAST_UPDATE_DATE": "",
            "LAST_UP_LOGIN": "",
            "ATTRIBUTE1": "",
            "ATTRIBUTE2": "",
            "ATTRIBUTE3": "",
            "ATTRIBUTE4": "",
            "ATTRIBUTE5": "",
            "ATTRIBUTE6": "",
            "ATTRIBUTE7": "",
            "ATTRIBUTE8": "",
            "ATTRIBUTE9": "",
            "ATTRIBUTE10": ""
        }
    ]
}