[
    {
        "CONTRACT_ROW_ID": "52729",
        "CONTRACT_BATCH_ID": "",
        "CONTRACT_BATCH_NUMBER": "",
        "CUSTOMER_ID": "300000115731627",
        "CUSTOMER_NUMBER": "330980",
        "CUSTOMER_NAME": "Brenda Cools",
        "CONTRACT_ID": "",
        "CONTRACT_NUMBER": "JPO100",
        "EMAIL_ADDRESS": "",
        "CUSTOMER_MOBILE_NUMBER": "",
        "COST_RATE": "",
        "BILL_RATE_SOURCE_TYPE": "",
        "BILL_RATE_SOURCE": "",
        "CONTRACT_START_DATE": "",
        "CONTRACT_END_DATE": "",
        "SHIFT_ENABLED": "",
        "PO_NUMBER": "",
        "QUANTITY": "",
        "WEEK_START_DAY": "",
        "WEEK_END_DAY": "",
        "NO_OF_DAYS": "",
        "OT_ALLOWED": "",
        "OT_THRESHOLD_MEASURE": "",
        "OT_THRESHOLD_LIMIT": "",
        "ACTIVE_FLAG": "",
        "BILLING_FREQUENCY": "",
        "OT_SHIFT_NAME": "",
        "TIME_ENTRY_METHOD": "",
        "EFFECTIVE_START_DATE": "",
        "EFFECTIVE_END_DATE": "",
        "PER_DIEM": "",
        "BONUS": "",
        "SAFETY_BONUS": "",
        "CUSTOMER_LINK": "",
        "PROJECT_LINK": "",
        "CREATED_BY": "",
        "CREATION_DATE": "",
        "LAST_UPDATED_BY": "",
        "LAST_UPDATE_DATE": "",
        "LAST_UPDATE_LOGIN": "",
        "ATTRIBUTE1": "",
        "ATTRIBUTE2": "",
        "ATTRIBUTE3": "",
        "ATTRIBUTE4": "",
        "ATTRIBUTE5": "",
        "ATTRIBUTE6": "",
        "ATTRIBUTE7": "",
        "ATTRIBUTE8": "",
        "ATTRIBUTE9": "",
        "ATTRIBUTE10": ""
    }
]