{
    "fields": [
        {
            "type": "number",
            "name": "id",
            "internal": false,
            "key": true,
            "oid": "680b25cc-c868-4a72-b1c8-47e7baed8d48",
            "required": true,
            "unique": true,
            "displayLabel": "Id"
        },
        {
            "type": "datetime",
            "name": "creationDate",
            "internal": false,
            "oid": "9d032461-1e76-4f26-aadc-8832f84de9e8",
            "displayLabel": "Created",
            "historyType": "timeCreated"
        },
        {
            "type": "datetime",
            "name": "lastUpdateDate",
            "internal": false,
            "oid": "45b44cf9-4d16-4f37-a583-9e7c0bbc574e",
            "displayLabel": "Last Updated",
            "historyType": "timeUpdated"
        },
        {
            "type": "string",
            "name": "createdBy",
            "internal": false,
            "oid": "611df383-60f5-407d-a55f-db6d02f95391",
            "displayLabel": "Created By",
            "historyType": "createdBy"
        },
        {
            "type": "string",
            "name": "lastUpdatedBy",
            "internal": false,
            "oid": "4925ae59-ced2-4baf-ad98-a5c118871ce2",
            "displayLabel": "Last Updated By",
            "historyType": "updatedBy"
        },
        {
            "type": "number",
            "name": "versionNumber",
            "internal": false,
            "oid": "e394a651-0575-4f31-a7fa-1973b806061e",
            "displayLabel": "Version Number",
            "historyType": "versionNumber"
        },
        {
            "type": "string",
            "name": "sunday",
            "oid": "142114b2-a0b3-47b8-b236-513bb59663d8",
            "displayLabel": "Sunday"
        },
        {
            "type": "string",
            "name": "monday",
            "oid": "a613feef-ecf4-4a3f-9312-4a9a56f86a8e",
            "displayLabel": "Monday"
        },
        {
            "type": "string",
            "name": "tuesday",
            "oid": "16c07024-dac7-422f-abdf-759ef94e6acd",
            "displayLabel": "Tuesday"
        },
        {
            "type": "string",
            "name": "wednesday",
            "oid": "7592772b-6829-4f5f-b7a5-8a8873f40fed",
            "displayLabel": "Wednesday"
        },
        {
            "type": "string",
            "name": "thursday",
            "oid": "aa370f7e-9017-4f71-a32e-d25e3ad518b2",
            "displayLabel": "Thursday"
        },
        {
            "type": "string",
            "name": "friday",
            "oid": "5868974f-32c9-4de2-a814-28d96b42db0e",
            "displayLabel": "Friday"
        },
        {
            "type": "string",
            "name": "saturday",
            "oid": "ce749716-63a8-4c1c-afd9-eff2991c4fa2",
            "displayLabel": "Saturday"
        }
    ],
    "name": "TableWeek",
    "oid": "04d64137-46f7-4c30-9ee6-d4695fde3e74",
    "displayLabel": "Table Week"
}