{
    "totalRetCount": 8,
    "retValues": [
        {
            "projectNumber": "60000366",
            "contractNumber": "AIA Retention 1",
            "contractId": "300000031520367",
            "contractLineId": "300000031520380",
            "contractItem": "Design Labor",
            "description": "Design Labor",
            "revisedContractAmount": 125000,
            "previouslyBilledAmount": -339,
            "amountToBillThisPeriod": 210,
            "totalBilled": -129,
            "percentBilled": 0,
            "retainageHeld": 0,
            "retentionPercentage": 15,
            "retainageAmount": 31.5,
            "retainageBalance": -31.5,
            "customer": "KN Test Customer 1",
            "customerContact": "Vankayala",
            "billingFreq": "Monthly",
            "billingPortal": "-",
            "totalBudgetedcosts": 6050,
            "totalCostToDate": 6050,
            "totalCommittedCosts": 0,
            "contractTypeName": "SFP Contract Type",
            "totalRevisedContractAmount": 495000,
            "totalPreviouslyBilledAmount": 19417502,
            "totalAmountToBeBilled": 13981,
            "totalRetainageBalance": 3813.5
        },
        {
            "projectNumber": "60000366",
            "contractNumber": "AIA Retention 1",
            "contractId": "300000031520367",
            "contractLineId": "300000031520395",
            "contractItem": "Equipment",
            "description": "Equipment",
            "revisedContractAmount": 10000,
            "previouslyBilledAmount": 7872315,
            "amountToBillThisPeriod": 3950,
            "totalBilled": 7876265,
            "percentBilled": 78763,
            "retainageHeld": 0,
            "retentionPercentage": 10,
            "retainageAmount": 0,
            "retainageBalance": 0,
            "customer": "KN Test Customer 1",
            "customerContact": "Vankayala",
            "billingFreq": "Monthly",
            "billingPortal": "-",
            "totalBudgetedcosts": 6050,
            "totalCostToDate": 6050,
            "totalCommittedCosts": 0,
            "contractTypeName": "SFP Contract Type",
            "totalRevisedContractAmount": 495000,
            "totalPreviouslyBilledAmount": 19417502,
            "totalAmountToBeBilled": 13981,
            "totalRetainageBalance": 3813.5
        },
        {
            "projectNumber": "60000366",
            "contractNumber": "AIA Retention 1",
            "contractId": "300000031520367",
            "contractLineId": "300000031520374",
            "contractItem": "Field Labor",
            "description": "Field Labor",
            "revisedContractAmount": 100000,
            "previouslyBilledAmount": 0,
            "amountToBillThisPeriod": 200,
            "totalBilled": 200,
            "percentBilled": 0,
            "retainageHeld": 0,
            "retentionPercentage": 10,
            "retainageAmount": 20,
            "retainageBalance": -20,
            "customer": "KN Test Customer 1",
            "customerContact": "Vankayala",
            "billingFreq": "Monthly",
            "billingPortal": "-",
            "totalBudgetedcosts": 6050,
            "totalCostToDate": 6050,
            "totalCommittedCosts": 0,
            "contractTypeName": "SFP Contract Type",
            "totalRevisedContractAmount": 495000,
            "totalPreviouslyBilledAmount": 19417502,
            "totalAmountToBeBilled": 13981,
            "totalRetainageBalance": 3813.5
        },
        {
            "projectNumber": "60000366",
            "contractNumber": "AIA Retention 1",
            "contractId": "300000031520367",
            "contractLineId": "300000031520386",
            "contractItem": "Materials",
            "description": "Materials",
            "revisedContractAmount": 75000,
            "previouslyBilledAmount": 11544626,
            "amountToBillThisPeriod": 1100,
            "totalBilled": 11545726,
            "percentBilled": 15394,
            "retainageHeld": 0,
            "retentionPercentage": 10,
            "retainageAmount": 2809.9,
            "retainageBalance": -2809.9,
            "customer": "KN Test Customer 1",
            "customerContact": "Vankayala",
            "billingFreq": "Monthly",
            "billingPortal": "-",
            "totalBudgetedcosts": 6050,
            "totalCostToDate": 6050,
            "totalCommittedCosts": 0,
            "contractTypeName": "SFP Contract Type",
            "totalRevisedContractAmount": 495000,
            "totalPreviouslyBilledAmount": 19417502,
            "totalAmountToBeBilled": 13981,
            "totalRetainageBalance": 3813.5
        },
        {
            "projectNumber": "60000366",
            "contractNumber": "AIA Retention 1",
            "contractId": "300000031520367",
            "contractLineId": "300000031520398",
            "contractItem": "Other",
            "description": "Other",
            "revisedContractAmount": 25000,
            "previouslyBilledAmount": 0,
            "amountToBillThisPeriod": 1010,
            "totalBilled": 1010,
            "percentBilled": 4,
            "retainageHeld": 0,
            "retentionPercentage": 10,
            "retainageAmount": 101,
            "retainageBalance": -101,
            "customer": "KN Test Customer 1",
            "customerContact": "Vankayala",
            "billingFreq": "Monthly",
            "billingPortal": "-",
            "totalBudgetedcosts": 6050,
            "totalCostToDate": 6050,
            "totalCommittedCosts": 0,
            "contractTypeName": "SFP Contract Type",
            "totalRevisedContractAmount": 495000,
            "totalPreviouslyBilledAmount": 19417502,
            "totalAmountToBeBilled": 13981,
            "totalRetainageBalance": 3813.5
        },
        {
            "projectNumber": "60000366",
            "contractNumber": "AIA Retention 1",
            "contractId": "300000031520367",
            "contractLineId": "300000031520383",
            "contractItem": "PM Labor",
            "description": "PM Labor",
            "revisedContractAmount": 55000,
            "previouslyBilledAmount": 900,
            "amountToBillThisPeriod": 1101,
            "totalBilled": 2001,
            "percentBilled": 4,
            "retainageHeld": 0,
            "retentionPercentage": 10,
            "retainageAmount": 210.1,
            "retainageBalance": -210.1,
            "customer": "KN Test Customer 1",
            "customerContact": "Vankayala",
            "billingFreq": "Monthly",
            "billingPortal": "-",
            "totalBudgetedcosts": 6050,
            "totalCostToDate": 6050,
            "totalCommittedCosts": 0,
            "contractTypeName": "SFP Contract Type",
            "totalRevisedContractAmount": 495000,
            "totalPreviouslyBilledAmount": 19417502,
            "totalAmountToBeBilled": 13981,
            "totalRetainageBalance": 3813.5
        },
        {
            "projectNumber": "60000366",
            "contractNumber": "AIA Retention 1",
            "contractId": "300000031520367",
            "contractLineId": "300000031520389",
            "contractItem": "Shop",
            "description": "Shop",
            "revisedContractAmount": 60000,
            "previouslyBilledAmount": 0,
            "amountToBillThisPeriod": 2010,
            "totalBilled": 2010,
            "percentBilled": 3,
            "retainageHeld": 0,
            "retentionPercentage": 10,
            "retainageAmount": 201,
            "retainageBalance": -201,
            "customer": "KN Test Customer 1",
            "customerContact": "Vankayala",
            "billingFreq": "Monthly",
            "billingPortal": "-",
            "totalBudgetedcosts": 6050,
            "totalCostToDate": 6050,
            "totalCommittedCosts": 0,
            "contractTypeName": "SFP Contract Type",
            "totalRevisedContractAmount": 495000,
            "totalPreviouslyBilledAmount": 19417502,
            "totalAmountToBeBilled": 13981,
            "totalRetainageBalance": 3813.5
        },
        {
            "projectNumber": "60000366",
            "contractNumber": "AIA Retention 1",
            "contractId": "300000031520367",
            "contractLineId": "300000031520392",
            "contractItem": "Subcontract",
            "description": "Subcontract",
            "revisedContractAmount": 45000,
            "previouslyBilledAmount": 0,
            "amountToBillThisPeriod": 4400,
            "totalBilled": 4400,
            "percentBilled": 10,
            "retainageHeld": 0,
            "retentionPercentage": 10,
            "retainageAmount": 440,
            "retainageBalance": -440,
            "customer": "KN Test Customer 1",
            "customerContact": "Vankayala",
            "billingFreq": "Monthly",
            "billingPortal": "-",
            "totalBudgetedcosts": 6050,
            "totalCostToDate": 6050,
            "totalCommittedCosts": 0,
            "contractTypeName": "SFP Contract Type",
            "totalRevisedContractAmount": 495000,
            "totalPreviouslyBilledAmount": 19417502,
            "totalAmountToBeBilled": 13981,
            "totalRetainageBalance": 3813.5
        }
    ]
}