{
    "items": [
        {
            "time_entry_id": 297,
            "timeentry_week_id": 52,
            "crewsetup_id": 251,
            "crewsetup_line_id": 229,
            "timesheet_week_id": 1,
            "crew_name": "Rite Crew",
            "crew_week": "22-Apr-2024 to 28-Apr-2024",
            "time_keeper_id": "300000050796632",
            "secondary_timekeeper_id": "300000048988975",
            "supervisor_id": "300000117474037",
            "customer_name": "Conifer International",
            "contract_number": "3456789",
            "project_name": "1018921921",
            "project_number": "900R-111DUNN",
            "task_name": "Install Equipment",
            "person_id": "1009",
            "assignment_number": "E1009",
            "resource_type": "EMPLOYEE",
            "resource_name": "Daryl Reese",
            "resource_role": "Analyst",
            "bill_rate": "2",
            "pay_rate": "3",
            "ot_rate": "4",
            "equipment_category": "NA",
            "equipment_rate": "3",
            "sun_in_time": "00:00",
            "sun_out_time": "00:00",
            "sun_total_hours": "0",
            "mon_in_time": "08:00",
            "mon_out_time": "16:00",
            "mon_total_hours": "8",
            "tue_in_time": "08:00",
            "tue_out_time": "16:00",
            "tue_total_hours": "8",
            "wed_in_time": "08:00",
            "wed_out_time": "16:00",
            "wed_total_hours": "8",
            "thu_in_time": "08:00",
            "thu_out_time": "16:00",
            "thu_total_hours": "8",
            "fri_in_time": "08:00",
            "fri_out_time": "16:00",
            "fri_total_hours": "8",
            "sat_in_time": "00:00",
            "sat_out_time": "00:00",
            "sat_total_hours": "0",
            "start_time": null,
            "stop_time": null,
            "total_hours": 40,
            "status": "SUBMITTED",
            "comments": null,
            "ext_time_diff_flag": "Y"
        },
        {
            "time_entry_id": 297,
            "timeentry_week_id": 50,
            "crewsetup_id": 251,
            "crewsetup_line_id": 229,
            "timesheet_week_id": 1,
            "crew_name": "Rite Crew",
            "crew_week": "8-Apr-2024 to 14-Apr-2024",
            "time_keeper_id": "300000050796632",
            "secondary_timekeeper_id": "300000048988975",
            "supervisor_id": "300000117474037",
            "customer_name": "Conifer International",
            "contract_number": "3456789",
            "project_name": "1018921921",
            "project_number": "900R-111DUNN",
            "task_name": "Install Equipment",
            "person_id": "1009",
            "assignment_number": "E1009",
            "resource_type": "EMPLOYEE",
            "resource_name": "Daryl Reese",
            "resource_role": "Analyst",
            "bill_rate": "2",
            "pay_rate": "3",
            "ot_rate": "4",
            "equipment_category": "NA",
            "equipment_rate": "3",
            "sun_in_time": "00:00",
            "sun_out_time": "00:00",
            "sun_total_hours": "0",
            "mon_in_time": "08:00",
            "mon_out_time": "16:00",
            "mon_total_hours": "8",
            "tue_in_time": "08:00",
            "tue_out_time": "16:00",
            "tue_total_hours": "8",
            "wed_in_time": "08:00",
            "wed_out_time": "16:00",
            "wed_total_hours": "8",
            "thu_in_time": "08:00",
            "thu_out_time": "16:00",
            "thu_total_hours": "8",
            "fri_in_time": "08:00",
            "fri_out_time": "16:00",
            "fri_total_hours": "8",
            "sat_in_time": "00:00",
            "sat_out_time": "00:00",
            "sat_total_hours": "0",
            "start_time": null,
            "stop_time": null,
            "total_hours": 40,
            "status": "SUBMITTED",
            "comments": null,
            "ext_time_diff_flag": "Y"
        },
        {
            "time_entry_id": 298,
            "timeentry_week_id": 51,
            "crewsetup_id": 251,
            "crewsetup_line_id": 227,
            "timesheet_week_id": 1,
            "crew_name": "Rite Crew",
            "crew_week": "8-Apr-2024 to 14-Apr-2024",
            "time_keeper_id": "300000050796632",
            "secondary_timekeeper_id": "300000048988975",
            "supervisor_id": "300000117474037",
            "customer_name": "Conifer International",
            "contract_number": "3456789",
            "project_name": "1018921921",
            "project_number": "900R-111DUNN",
            "task_name": "Construction",
            "person_id": "1006",
            "assignment_number": "E37788",
            "resource_type": "EMPLOYEE",
            "resource_name": "Antonio Santos",
            "resource_role": "Director of IT",
            "bill_rate": "60",
            "pay_rate": "10",
            "ot_rate": "20",
            "equipment_category": "NA",
            "equipment_rate": "20",
            "sun_in_time": "00:00",
            "sun_out_time": "00:00",
            "sun_total_hours": "0",
            "mon_in_time": "08:00",
            "mon_out_time": "16:00",
            "mon_total_hours": "8",
            "tue_in_time": "08:00",
            "tue_out_time": "16:00",
            "tue_total_hours": "8",
            "wed_in_time": "08:00",
            "wed_out_time": "16:00",
            "wed_total_hours": "8",
            "thu_in_time": "08:00",
            "thu_out_time": "16:00",
            "thu_total_hours": "8",
            "fri_in_time": "08:00",
            "fri_out_time": "16:00",
            "fri_total_hours": "8",
            "sat_in_time": "10:00",
            "sat_out_time": "00:00",
            "sat_total_hours": "-10",
            "start_time": null,
            "stop_time": null,
            "total_hours": 30,
            "status": "SUBMITTED",
            "comments": null,
            "ext_time_diff_flag": "Y"
        },
        {
            "time_entry_id": 296,
            "timeentry_week_id": 49,
            "crewsetup_id": 251,
            "crewsetup_line_id": 228,
            "timesheet_week_id": 1,
            "crew_name": "Rite Crew",
            "crew_week": "8-Apr-2024 to 14-Apr-2024",
            "time_keeper_id": "300000050796632",
            "secondary_timekeeper_id": "300000048988975",
            "supervisor_id": "300000117474037",
            "customer_name": "Conifer International",
            "contract_number": "3456789",
            "project_name": "1018921921",
            "project_number": "900R-111DUNN",
            "task_name": "Design Review",
            "person_id": "1007",
            "assignment_number": "E37797",
            "resource_type": "EMPLOYEE",
            "resource_name": "Christelle Stevenson",
            "resource_role": "Manager",
            "bill_rate": "1",
            "pay_rate": "2",
            "ot_rate": "3",
            "equipment_category": "na",
            "equipment_rate": "2",
            "sun_in_time": "00:00",
            "sun_out_time": "00:00",
            "sun_total_hours": "0",
            "mon_in_time": "08:00",
            "mon_out_time": "16:00",
            "mon_total_hours": "8",
            "tue_in_time": "08:00",
            "tue_out_time": "16:00",
            "tue_total_hours": "8",
            "wed_in_time": "08:00",
            "wed_out_time": "16:00",
            "wed_total_hours": "8",
            "thu_in_time": "08:00",
            "thu_out_time": "16:00",
            "thu_total_hours": "8",
            "fri_in_time": "08:00",
            "fri_out_time": "16:00",
            "fri_total_hours": "8",
            "sat_in_time": "00:00",
            "sat_out_time": "00:00",
            "sat_total_hours": "0",
            "start_time": null,
            "stop_time": null,
            "total_hours": 40,
            "status": "SUBMITTED",
            "comments": null,
            "ext_time_diff_flag": "Y"
        }
    ],
    "hasMore": false,
    "limit": 25,
    "offset": 0,
    "count": 4,
    "links": [
        {
            "rel": "self",
            "href": "http://129.158.228.138:8080/ords/timerite/timerite/searchTimeEntryTbl?crew_week=8-Apr-2024+to+14-Apr-2024&crewsetup_id=251&timesheet_week_id=1"
        },
        {
            "rel": "describedby",
            "href": "http://129.158.228.138:8080/ords/timerite/metadata-catalog/timerite/item"
        },
        {
            "rel": "first",
            "href": "http://129.158.228.138:8080/ords/timerite/timerite/searchTimeEntryTbl?crew_week=8-Apr-2024+to+14-Apr-2024&crewsetup_id=251&timesheet_week_id=1"
        }
    ]
}