{
    "items": [
        {
            "contractId": 300000029832161,
            "contractNumber": "09876"
        },
        {
            "contractId": 300000029926408,
            "contractNumber": "Avalara O2C 003"
        },
        {
            "contractId": 300000030245139,
            "contractNumber": "Summit Multi Contract 01"
        },
        {
            "contractId": 300000031570187,
            "contractNumber": "Retention Demo"
        },
        {
            "contractId": 300000027181172,
            "contractNumber": "456TY"
        },
        {
            "contractId": 300000030137698,
            "contractNumber": "C60000279"
        },
        {
            "contractId": 300000026127254,
            "contractNumber": "5000"
        },
        {
            "contractId": 300000029236110,
            "contractNumber": "TOWER COMPANIES 22"
        },
        {
            "contractId": 300000029926370,
            "contractNumber": "Avalara O2C 001"
        },
        {
            "contractId": 300000030245001,
            "contractNumber": "Multi Contract 02"
        },
        {
            "contractId": 300000030472187,
            "contractNumber": "Summit Multi Contract 03"
        },
        {
            "contractId": 300000026469117,
            "contractNumber": "1224"
        },
        {
            "contractId": 300000027029739,
            "contractNumber": "SIT2 60000279"
        },
        {
            "contractId": 300000029914842,
            "contractNumber": "Summit Template 876"
        },
        {
            "contractId": 300000026469079,
            "contractNumber": "1223"
        },
        {
            "contractId": 300000029914802,
            "contractNumber": "Summit Template 874"
        },
        {
            "contractId": 300000030137623,
            "contractNumber": "Summit Testing SIT 02"
        },
        {
            "contractId": 300000030137659,
            "contractNumber": "457TY"
        },
        {
            "contractId": 300000029767195,
            "contractNumber": "600001256"
        },
        {
            "contractId": 300000029914377,
            "contractNumber": "Summit From Contract Template"
        },
        {
            "contractId": 300000029926388,
            "contractNumber": "Avalara O2C 002"
        },
        {
            "contractId": 300000030137605,
            "contractNumber": "SFS Contract Template"
        },
        {
            "contractId": 300000030244938,
            "contractNumber": "Multi Contract 01"
        },
        {
            "contractId": 300000030472168,
            "contractNumber": "Summit Multi Contract 02"
        },
        {
            "contractId": 300000030740535,
            "contractNumber": "KN0828240956AM"
        },
        {
            "contractId": 300000026468496,
            "contractNumber": "TOWER COMPANIES 02"
        },
        {
            "contractId": 300000026468961,
            "contractNumber": "1222"
        },
        {
            "contractId": 300000029914823,
            "contractNumber": "Summit Template 875"
        },
        {
            "contractId": 300000029631586,
            "contractNumber": "TOWER COMPANIES 23"
        },
        {
            "contractId": 300000029879239,
            "contractNumber": "60000289SIT2"
        }
    ],
    "count": 30
}