{
    "items": [
        {
            "resource_id": 100001345054485,
            "resource_number": "05-35208",
            "resource_name": "Homer 05-Meyers",
            "resource_job": null,
            "resource_location": null,
            "project_assigned": "N",
            "project_id": null
        }
    ],
    "hasMore": false,
    "limit": 25,
    "offset": 0,
    "count": 1,
    "links": [
        {
            "rel": "self",
            "href": "http://129.158.228.138:8080/ords/timerite/timerite/ResourceMetedata?resource_name=Homer+05-Meyers"
        },
        {
            "rel": "describedby",
            "href": "http://129.158.228.138:8080/ords/timerite/metadata-catalog/timerite/item"
        },
        {
            "rel": "first",
            "href": "http://129.158.228.138:8080/ords/timerite/timerite/ResourceMetedata?resource_name=Homer+05-Meyers"
        }
    ]
}