{
  "title": "Shell Header",
  "eventListeners": {
    "drawerToggle": {
      "chains": [
        {
          "chain": "toggleDrawer"
        }
      ]
    },
    "openAvatarMenu": {
      "chains": [
        {
          "chain": "openAvatarMenu"
        }
      ]
    }
  },
  "events": {},
  "imports": {
    "components": {
      "oj-avatar": {
        "path": "ojs/ojavatar"
      },
      "oj-button": {
        "path": "ojs/ojbutton"
      },
      "oj-menu": {
        "path": "ojs/ojmenu"
      },
      "oj-menu-button": {
        "path": "ojs/ojbutton"
      },
      "oj-navigation-list": {
        "path": "ojs/ojnavigationlist"
      },
      "oj-option": {
        "path": "ojs/ojoption"
      },
      "oj-popup": {
        "path": "ojs/ojpopup"
      },
      "oj-toolbar": {
        "path": "ojs/ojtoolbar"
      }
    },
    "css": [
      "/resources/css/shell.css"
    ]
  },
  "metadata": {},
  "types": {},
  "variables": {}
}