{
    "items": [
        {
            "count1": 1,
            "crew_name": "Rite India",
            "crewsetup_id": 185,
            "crewsetup_line_id": 169,
            "effective_start_date": "2024-03-11T00:00:00Z",
            "effective_end_date": "2024-03-22T00:00:00Z",
            "resource_name": "Donald Gray",
            "resource_number": "102",
            "resource_id": 300000047916133,
            "dates": "2024-03-01T00:00:00Z",
            "engaged": "N"
        },
        {
            "count1": 2,
            "crew_name": "Rite India",
            "crewsetup_id": 185,
            "crewsetup_line_id": 169,
            "effective_start_date": "2024-03-11T00:00:00Z",
            "effective_end_date": "2024-03-22T00:00:00Z",
            "resource_name": "Donald Gray",
            "resource_number": "102",
            "resource_id": 300000047916133,
            "dates": "2024-03-02T00:00:00Z",
            "engaged": "N"
        },
        {
            "count1": 3,
            "crew_name": "Rite India",
            "crewsetup_id": 185,
            "crewsetup_line_id": 169,
            "effective_start_date": "2024-03-11T00:00:00Z",
            "effective_end_date": "2024-03-22T00:00:00Z",
            "resource_name": "Donald Gray",
            "resource_number": "102",
            "resource_id": 300000047916133,
            "dates": "2024-03-03T00:00:00Z",
            "engaged": "N"
        },
        {
            "count1": 4,
            "crew_name": "Rite India",
            "crewsetup_id": 185,
            "crewsetup_line_id": 169,
            "effective_start_date": "2024-03-11T00:00:00Z",
            "effective_end_date": "2024-03-22T00:00:00Z",
            "resource_name": "Donald Gray",
            "resource_number": "102",
            "resource_id": 300000047916133,
            "dates": "2024-03-04T00:00:00Z",
            "engaged": "N"
        },
        {
            "count1": 5,
            "crew_name": "Rite India",
            "crewsetup_id": 185,
            "crewsetup_line_id": 169,
            "effective_start_date": "2024-03-11T00:00:00Z",
            "effective_end_date": "2024-03-22T00:00:00Z",
            "resource_name": "Donald Gray",
            "resource_number": "102",
            "resource_id": 300000047916133,
            "dates": "2024-03-05T00:00:00Z",
            "engaged": "N"
        },
        {
            "count1": 6,
            "crew_name": "Rite India",
            "crewsetup_id": 185,
            "crewsetup_line_id": 169,
            "effective_start_date": "2024-03-11T00:00:00Z",
            "effective_end_date": "2024-03-22T00:00:00Z",
            "resource_name": "Donald Gray",
            "resource_number": "102",
            "resource_id": 300000047916133,
            "dates": "2024-03-06T00:00:00Z",
            "engaged": "N"
        },
        {
            "count1": 7,
            "crew_name": "Rite India",
            "crewsetup_id": 185,
            "crewsetup_line_id": 169,
            "effective_start_date": "2024-03-11T00:00:00Z",
            "effective_end_date": "2024-03-22T00:00:00Z",
            "resource_name": "Donald Gray",
            "resource_number": "102",
            "resource_id": 300000047916133,
            "dates": "2024-03-07T00:00:00Z",
            "engaged": "N"
        },
        {
            "count1": 8,
            "crew_name": "Rite India",
            "crewsetup_id": 185,
            "crewsetup_line_id": 169,
            "effective_start_date": "2024-03-11T00:00:00Z",
            "effective_end_date": "2024-03-22T00:00:00Z",
            "resource_name": "Donald Gray",
            "resource_number": "102",
            "resource_id": 300000047916133,
            "dates": "2024-03-08T00:00:00Z",
            "engaged": "N"
        },
        {
            "count1": 9,
            "crew_name": "Rite India",
            "crewsetup_id": 185,
            "crewsetup_line_id": 169,
            "effective_start_date": "2024-03-11T00:00:00Z",
            "effective_end_date": "2024-03-22T00:00:00Z",
            "resource_name": "Donald Gray",
            "resource_number": "102",
            "resource_id": 300000047916133,
            "dates": "2024-03-09T00:00:00Z",
            "engaged": "N"
        },
        {
            "count1": 10,
            "crew_name": "Rite India",
            "crewsetup_id": 185,
            "crewsetup_line_id": 169,
            "effective_start_date": "2024-03-11T00:00:00Z",
            "effective_end_date": "2024-03-22T00:00:00Z",
            "resource_name": "Donald Gray",
            "resource_number": "102",
            "resource_id": 300000047916133,
            "dates": "2024-03-10T00:00:00Z",
            "engaged": "N"
        },
        {
            "count1": 11,
            "crew_name": "Rite India",
            "crewsetup_id": 185,
            "crewsetup_line_id": 169,
            "effective_start_date": "2024-03-11T00:00:00Z",
            "effective_end_date": "2024-03-22T00:00:00Z",
            "resource_name": "Donald Gray",
            "resource_number": "102",
            "resource_id": 300000047916133,
            "dates": "2024-03-11T00:00:00Z",
            "engaged": "Y"
        },
        {
            "count1": 12,
            "crew_name": "Rite India",
            "crewsetup_id": 185,
            "crewsetup_line_id": 169,
            "effective_start_date": "2024-03-11T00:00:00Z",
            "effective_end_date": "2024-03-22T00:00:00Z",
            "resource_name": "Donald Gray",
            "resource_number": "102",
            "resource_id": 300000047916133,
            "dates": "2024-03-12T00:00:00Z",
            "engaged": "Y"
        },
        {
            "count1": 13,
            "crew_name": "Rite India",
            "crewsetup_id": 185,
            "crewsetup_line_id": 169,
            "effective_start_date": "2024-03-11T00:00:00Z",
            "effective_end_date": "2024-03-22T00:00:00Z",
            "resource_name": "Donald Gray",
            "resource_number": "102",
            "resource_id": 300000047916133,
            "dates": "2024-03-13T00:00:00Z",
            "engaged": "Y"
        },
        {
            "count1": 14,
            "crew_name": "Rite India",
            "crewsetup_id": 185,
            "crewsetup_line_id": 169,
            "effective_start_date": "2024-03-11T00:00:00Z",
            "effective_end_date": "2024-03-22T00:00:00Z",
            "resource_name": "Donald Gray",
            "resource_number": "102",
            "resource_id": 300000047916133,
            "dates": "2024-03-14T00:00:00Z",
            "engaged": "Y"
        },
        {
            "count1": 15,
            "crew_name": "Rite India",
            "crewsetup_id": 185,
            "crewsetup_line_id": 169,
            "effective_start_date": "2024-03-11T00:00:00Z",
            "effective_end_date": "2024-03-22T00:00:00Z",
            "resource_name": "Donald Gray",
            "resource_number": "102",
            "resource_id": 300000047916133,
            "dates": "2024-03-15T00:00:00Z",
            "engaged": "Y"
        },
        {
            "count1": 16,
            "crew_name": "Rite India",
            "crewsetup_id": 185,
            "crewsetup_line_id": 169,
            "effective_start_date": "2024-03-11T00:00:00Z",
            "effective_end_date": "2024-03-22T00:00:00Z",
            "resource_name": "Donald Gray",
            "resource_number": "102",
            "resource_id": 300000047916133,
            "dates": "2024-03-16T00:00:00Z",
            "engaged": "Y"
        },
        {
            "count1": 17,
            "crew_name": "Rite India",
            "crewsetup_id": 185,
            "crewsetup_line_id": 169,
            "effective_start_date": "2024-03-11T00:00:00Z",
            "effective_end_date": "2024-03-22T00:00:00Z",
            "resource_name": "Donald Gray",
            "resource_number": "102",
            "resource_id": 300000047916133,
            "dates": "2024-03-17T00:00:00Z",
            "engaged": "Y"
        },
        {
            "count1": 18,
            "crew_name": "Rite India",
            "crewsetup_id": 185,
            "crewsetup_line_id": 169,
            "effective_start_date": "2024-03-11T00:00:00Z",
            "effective_end_date": "2024-03-22T00:00:00Z",
            "resource_name": "Donald Gray",
            "resource_number": "102",
            "resource_id": 300000047916133,
            "dates": "2024-03-18T00:00:00Z",
            "engaged": "Y"
        },
        {
            "count1": 19,
            "crew_name": "Rite India",
            "crewsetup_id": 185,
            "crewsetup_line_id": 169,
            "effective_start_date": "2024-03-11T00:00:00Z",
            "effective_end_date": "2024-03-22T00:00:00Z",
            "resource_name": "Donald Gray",
            "resource_number": "102",
            "resource_id": 300000047916133,
            "dates": "2024-03-19T00:00:00Z",
            "engaged": "Y"
        },
        {
            "count1": 20,
            "crew_name": "Rite India",
            "crewsetup_id": 185,
            "crewsetup_line_id": 169,
            "effective_start_date": "2024-03-11T00:00:00Z",
            "effective_end_date": "2024-03-22T00:00:00Z",
            "resource_name": "Donald Gray",
            "resource_number": "102",
            "resource_id": 300000047916133,
            "dates": "2024-03-20T00:00:00Z",
            "engaged": "Y"
        },
        {
            "count1": 21,
            "crew_name": "Rite India",
            "crewsetup_id": 185,
            "crewsetup_line_id": 169,
            "effective_start_date": "2024-03-11T00:00:00Z",
            "effective_end_date": "2024-03-22T00:00:00Z",
            "resource_name": "Donald Gray",
            "resource_number": "102",
            "resource_id": 300000047916133,
            "dates": "2024-03-21T00:00:00Z",
            "engaged": "Y"
        },
        {
            "count1": 22,
            "crew_name": "Rite India",
            "crewsetup_id": 185,
            "crewsetup_line_id": 169,
            "effective_start_date": "2024-03-11T00:00:00Z",
            "effective_end_date": "2024-03-22T00:00:00Z",
            "resource_name": "Donald Gray",
            "resource_number": "102",
            "resource_id": 300000047916133,
            "dates": "2024-03-22T00:00:00Z",
            "engaged": "Y"
        },
        {
            "count1": 23,
            "crew_name": "Rite India",
            "crewsetup_id": 185,
            "crewsetup_line_id": 169,
            "effective_start_date": "2024-03-11T00:00:00Z",
            "effective_end_date": "2024-03-22T00:00:00Z",
            "resource_name": "Donald Gray",
            "resource_number": "102",
            "resource_id": 300000047916133,
            "dates": "2024-03-23T00:00:00Z",
            "engaged": "N"
        },
        {
            "count1": 24,
            "crew_name": "Rite India",
            "crewsetup_id": 185,
            "crewsetup_line_id": 169,
            "effective_start_date": "2024-03-11T00:00:00Z",
            "effective_end_date": "2024-03-22T00:00:00Z",
            "resource_name": "Donald Gray",
            "resource_number": "102",
            "resource_id": 300000047916133,
            "dates": "2024-03-24T00:00:00Z",
            "engaged": "N"
        },
        {
            "count1": 25,
            "crew_name": "Rite India",
            "crewsetup_id": 185,
            "crewsetup_line_id": 169,
            "effective_start_date": "2024-03-11T00:00:00Z",
            "effective_end_date": "2024-03-22T00:00:00Z",
            "resource_name": "Donald Gray",
            "resource_number": "102",
            "resource_id": 300000047916133,
            "dates": "2024-03-25T00:00:00Z",
            "engaged": "N"
        },
        {
            "count1": 26,
            "crew_name": "Rite India",
            "crewsetup_id": 185,
            "crewsetup_line_id": 169,
            "effective_start_date": "2024-03-11T00:00:00Z",
            "effective_end_date": "2024-03-22T00:00:00Z",
            "resource_name": "Donald Gray",
            "resource_number": "102",
            "resource_id": 300000047916133,
            "dates": "2024-03-26T00:00:00Z",
            "engaged": "N"
        },
        {
            "count1": 27,
            "crew_name": "Rite India",
            "crewsetup_id": 185,
            "crewsetup_line_id": 169,
            "effective_start_date": "2024-03-11T00:00:00Z",
            "effective_end_date": "2024-03-22T00:00:00Z",
            "resource_name": "Donald Gray",
            "resource_number": "102",
            "resource_id": 300000047916133,
            "dates": "2024-03-27T00:00:00Z",
            "engaged": "N"
        },
        {
            "count1": 28,
            "crew_name": "Rite India",
            "crewsetup_id": 185,
            "crewsetup_line_id": 169,
            "effective_start_date": "2024-03-11T00:00:00Z",
            "effective_end_date": "2024-03-22T00:00:00Z",
            "resource_name": "Donald Gray",
            "resource_number": "102",
            "resource_id": 300000047916133,
            "dates": "2024-03-28T00:00:00Z",
            "engaged": "N"
        },
        {
            "count1": 29,
            "crew_name": "Rite India",
            "crewsetup_id": 185,
            "crewsetup_line_id": 169,
            "effective_start_date": "2024-03-11T00:00:00Z",
            "effective_end_date": "2024-03-22T00:00:00Z",
            "resource_name": "Donald Gray",
            "resource_number": "102",
            "resource_id": 300000047916133,
            "dates": "2024-03-29T00:00:00Z",
            "engaged": "N"
        },
        {
            "count1": 30,
            "crew_name": "Rite India",
            "crewsetup_id": 185,
            "crewsetup_line_id": 169,
            "effective_start_date": "2024-03-11T00:00:00Z",
            "effective_end_date": "2024-03-22T00:00:00Z",
            "resource_name": "Donald Gray",
            "resource_number": "102",
            "resource_id": 300000047916133,
            "dates": "2024-03-30T00:00:00Z",
            "engaged": "N"
        },
        {
            "count1": 31,
            "crew_name": "Rite India",
            "crewsetup_id": 185,
            "crewsetup_line_id": 169,
            "effective_start_date": "2024-03-11T00:00:00Z",
            "effective_end_date": "2024-03-22T00:00:00Z",
            "resource_name": "Donald Gray",
            "resource_number": "102",
            "resource_id": 300000047916133,
            "dates": "2024-03-31T00:00:00Z",
            "engaged": "N"
        },
        {
            "count1": 32,
            "crew_name": "Rite India",
            "crewsetup_id": 185,
            "crewsetup_line_id": 165,
            "effective_start_date": "2024-03-15T00:00:00Z",
            "effective_end_date": "2024-04-15T00:00:00Z",
            "resource_name": "Homer 05-Meyers",
            "resource_number": "05-35208",
            "resource_id": 100001345054485,
            "dates": "2024-03-01T00:00:00Z",
            "engaged": "N"
        },
        {
            "count1": 33,
            "crew_name": "Rite India",
            "crewsetup_id": 185,
            "crewsetup_line_id": 165,
            "effective_start_date": "2024-03-15T00:00:00Z",
            "effective_end_date": "2024-04-15T00:00:00Z",
            "resource_name": "Homer 05-Meyers",
            "resource_number": "05-35208",
            "resource_id": 100001345054485,
            "dates": "2024-03-02T00:00:00Z",
            "engaged": "N"
        },
        {
            "count1": 34,
            "crew_name": "Rite India",
            "crewsetup_id": 185,
            "crewsetup_line_id": 165,
            "effective_start_date": "2024-03-15T00:00:00Z",
            "effective_end_date": "2024-04-15T00:00:00Z",
            "resource_name": "Homer 05-Meyers",
            "resource_number": "05-35208",
            "resource_id": 100001345054485,
            "dates": "2024-03-03T00:00:00Z",
            "engaged": "N"
        },
        {
            "count1": 35,
            "crew_name": "Rite India",
            "crewsetup_id": 185,
            "crewsetup_line_id": 165,
            "effective_start_date": "2024-03-15T00:00:00Z",
            "effective_end_date": "2024-04-15T00:00:00Z",
            "resource_name": "Homer 05-Meyers",
            "resource_number": "05-35208",
            "resource_id": 100001345054485,
            "dates": "2024-03-04T00:00:00Z",
            "engaged": "N"
        },
        {
            "count1": 36,
            "crew_name": "Rite India",
            "crewsetup_id": 185,
            "crewsetup_line_id": 165,
            "effective_start_date": "2024-03-15T00:00:00Z",
            "effective_end_date": "2024-04-15T00:00:00Z",
            "resource_name": "Homer 05-Meyers",
            "resource_number": "05-35208",
            "resource_id": 100001345054485,
            "dates": "2024-03-05T00:00:00Z",
            "engaged": "N"
        },
        {
            "count1": 37,
            "crew_name": "Rite India",
            "crewsetup_id": 185,
            "crewsetup_line_id": 165,
            "effective_start_date": "2024-03-15T00:00:00Z",
            "effective_end_date": "2024-04-15T00:00:00Z",
            "resource_name": "Homer 05-Meyers",
            "resource_number": "05-35208",
            "resource_id": 100001345054485,
            "dates": "2024-03-06T00:00:00Z",
            "engaged": "N"
        },
        {
            "count1": 38,
            "crew_name": "Rite India",
            "crewsetup_id": 185,
            "crewsetup_line_id": 165,
            "effective_start_date": "2024-03-15T00:00:00Z",
            "effective_end_date": "2024-04-15T00:00:00Z",
            "resource_name": "Homer 05-Meyers",
            "resource_number": "05-35208",
            "resource_id": 100001345054485,
            "dates": "2024-03-07T00:00:00Z",
            "engaged": "N"
        },
        {
            "count1": 39,
            "crew_name": "Rite India",
            "crewsetup_id": 185,
            "crewsetup_line_id": 165,
            "effective_start_date": "2024-03-15T00:00:00Z",
            "effective_end_date": "2024-04-15T00:00:00Z",
            "resource_name": "Homer 05-Meyers",
            "resource_number": "05-35208",
            "resource_id": 100001345054485,
            "dates": "2024-03-08T00:00:00Z",
            "engaged": "N"
        },
        {
            "count1": 40,
            "crew_name": "Rite India",
            "crewsetup_id": 185,
            "crewsetup_line_id": 165,
            "effective_start_date": "2024-03-15T00:00:00Z",
            "effective_end_date": "2024-04-15T00:00:00Z",
            "resource_name": "Homer 05-Meyers",
            "resource_number": "05-35208",
            "resource_id": 100001345054485,
            "dates": "2024-03-09T00:00:00Z",
            "engaged": "N"
        },
        {
            "count1": 41,
            "crew_name": "Rite India",
            "crewsetup_id": 185,
            "crewsetup_line_id": 165,
            "effective_start_date": "2024-03-15T00:00:00Z",
            "effective_end_date": "2024-04-15T00:00:00Z",
            "resource_name": "Homer 05-Meyers",
            "resource_number": "05-35208",
            "resource_id": 100001345054485,
            "dates": "2024-03-10T00:00:00Z",
            "engaged": "N"
        },
        {
            "count1": 42,
            "crew_name": "Rite India",
            "crewsetup_id": 185,
            "crewsetup_line_id": 165,
            "effective_start_date": "2024-03-15T00:00:00Z",
            "effective_end_date": "2024-04-15T00:00:00Z",
            "resource_name": "Homer 05-Meyers",
            "resource_number": "05-35208",
            "resource_id": 100001345054485,
            "dates": "2024-03-11T00:00:00Z",
            "engaged": "N"
        },
        {
            "count1": 43,
            "crew_name": "Rite India",
            "crewsetup_id": 185,
            "crewsetup_line_id": 165,
            "effective_start_date": "2024-03-15T00:00:00Z",
            "effective_end_date": "2024-04-15T00:00:00Z",
            "resource_name": "Homer 05-Meyers",
            "resource_number": "05-35208",
            "resource_id": 100001345054485,
            "dates": "2024-03-12T00:00:00Z",
            "engaged": "N"
        },
        {
            "count1": 44,
            "crew_name": "Rite India",
            "crewsetup_id": 185,
            "crewsetup_line_id": 165,
            "effective_start_date": "2024-03-15T00:00:00Z",
            "effective_end_date": "2024-04-15T00:00:00Z",
            "resource_name": "Homer 05-Meyers",
            "resource_number": "05-35208",
            "resource_id": 100001345054485,
            "dates": "2024-03-13T00:00:00Z",
            "engaged": "N"
        },
        {
            "count1": 45,
            "crew_name": "Rite India",
            "crewsetup_id": 185,
            "crewsetup_line_id": 165,
            "effective_start_date": "2024-03-15T00:00:00Z",
            "effective_end_date": "2024-04-15T00:00:00Z",
            "resource_name": "Homer 05-Meyers",
            "resource_number": "05-35208",
            "resource_id": 100001345054485,
            "dates": "2024-03-14T00:00:00Z",
            "engaged": "N"
        },
        {
            "count1": 46,
            "crew_name": "Rite India",
            "crewsetup_id": 185,
            "crewsetup_line_id": 165,
            "effective_start_date": "2024-03-15T00:00:00Z",
            "effective_end_date": "2024-04-15T00:00:00Z",
            "resource_name": "Homer 05-Meyers",
            "resource_number": "05-35208",
            "resource_id": 100001345054485,
            "dates": "2024-03-15T00:00:00Z",
            "engaged": "Y"
        },
        {
            "count1": 47,
            "crew_name": "Rite India",
            "crewsetup_id": 185,
            "crewsetup_line_id": 165,
            "effective_start_date": "2024-03-15T00:00:00Z",
            "effective_end_date": "2024-04-15T00:00:00Z",
            "resource_name": "Homer 05-Meyers",
            "resource_number": "05-35208",
            "resource_id": 100001345054485,
            "dates": "2024-03-16T00:00:00Z",
            "engaged": "Y"
        },
        {
            "count1": 48,
            "crew_name": "Rite India",
            "crewsetup_id": 185,
            "crewsetup_line_id": 165,
            "effective_start_date": "2024-03-15T00:00:00Z",
            "effective_end_date": "2024-04-15T00:00:00Z",
            "resource_name": "Homer 05-Meyers",
            "resource_number": "05-35208",
            "resource_id": 100001345054485,
            "dates": "2024-03-17T00:00:00Z",
            "engaged": "Y"
        },
        {
            "count1": 49,
            "crew_name": "Rite India",
            "crewsetup_id": 185,
            "crewsetup_line_id": 165,
            "effective_start_date": "2024-03-15T00:00:00Z",
            "effective_end_date": "2024-04-15T00:00:00Z",
            "resource_name": "Homer 05-Meyers",
            "resource_number": "05-35208",
            "resource_id": 100001345054485,
            "dates": "2024-03-18T00:00:00Z",
            "engaged": "Y"
        },
        {
            "count1": 50,
            "crew_name": "Rite India",
            "crewsetup_id": 185,
            "crewsetup_line_id": 165,
            "effective_start_date": "2024-03-15T00:00:00Z",
            "effective_end_date": "2024-04-15T00:00:00Z",
            "resource_name": "Homer 05-Meyers",
            "resource_number": "05-35208",
            "resource_id": 100001345054485,
            "dates": "2024-03-19T00:00:00Z",
            "engaged": "Y"
        },
        {
            "count1": 51,
            "crew_name": "Rite India",
            "crewsetup_id": 185,
            "crewsetup_line_id": 165,
            "effective_start_date": "2024-03-15T00:00:00Z",
            "effective_end_date": "2024-04-15T00:00:00Z",
            "resource_name": "Homer 05-Meyers",
            "resource_number": "05-35208",
            "resource_id": 100001345054485,
            "dates": "2024-03-20T00:00:00Z",
            "engaged": "Y"
        },
        {
            "count1": 52,
            "crew_name": "Rite India",
            "crewsetup_id": 185,
            "crewsetup_line_id": 165,
            "effective_start_date": "2024-03-15T00:00:00Z",
            "effective_end_date": "2024-04-15T00:00:00Z",
            "resource_name": "Homer 05-Meyers",
            "resource_number": "05-35208",
            "resource_id": 100001345054485,
            "dates": "2024-03-21T00:00:00Z",
            "engaged": "Y"
        },
        {
            "count1": 53,
            "crew_name": "Rite India",
            "crewsetup_id": 185,
            "crewsetup_line_id": 165,
            "effective_start_date": "2024-03-15T00:00:00Z",
            "effective_end_date": "2024-04-15T00:00:00Z",
            "resource_name": "Homer 05-Meyers",
            "resource_number": "05-35208",
            "resource_id": 100001345054485,
            "dates": "2024-03-22T00:00:00Z",
            "engaged": "Y"
        },
        {
            "count1": 54,
            "crew_name": "Rite India",
            "crewsetup_id": 185,
            "crewsetup_line_id": 165,
            "effective_start_date": "2024-03-15T00:00:00Z",
            "effective_end_date": "2024-04-15T00:00:00Z",
            "resource_name": "Homer 05-Meyers",
            "resource_number": "05-35208",
            "resource_id": 100001345054485,
            "dates": "2024-03-23T00:00:00Z",
            "engaged": "Y"
        },
        {
            "count1": 55,
            "crew_name": "Rite India",
            "crewsetup_id": 185,
            "crewsetup_line_id": 165,
            "effective_start_date": "2024-03-15T00:00:00Z",
            "effective_end_date": "2024-04-15T00:00:00Z",
            "resource_name": "Homer 05-Meyers",
            "resource_number": "05-35208",
            "resource_id": 100001345054485,
            "dates": "2024-03-24T00:00:00Z",
            "engaged": "Y"
        },
        {
            "count1": 56,
            "crew_name": "Rite India",
            "crewsetup_id": 185,
            "crewsetup_line_id": 165,
            "effective_start_date": "2024-03-15T00:00:00Z",
            "effective_end_date": "2024-04-15T00:00:00Z",
            "resource_name": "Homer 05-Meyers",
            "resource_number": "05-35208",
            "resource_id": 100001345054485,
            "dates": "2024-03-25T00:00:00Z",
            "engaged": "Y"
        },
        {
            "count1": 57,
            "crew_name": "Rite India",
            "crewsetup_id": 185,
            "crewsetup_line_id": 165,
            "effective_start_date": "2024-03-15T00:00:00Z",
            "effective_end_date": "2024-04-15T00:00:00Z",
            "resource_name": "Homer 05-Meyers",
            "resource_number": "05-35208",
            "resource_id": 100001345054485,
            "dates": "2024-03-26T00:00:00Z",
            "engaged": "Y"
        },
        {
            "count1": 58,
            "crew_name": "Rite India",
            "crewsetup_id": 185,
            "crewsetup_line_id": 165,
            "effective_start_date": "2024-03-15T00:00:00Z",
            "effective_end_date": "2024-04-15T00:00:00Z",
            "resource_name": "Homer 05-Meyers",
            "resource_number": "05-35208",
            "resource_id": 100001345054485,
            "dates": "2024-03-27T00:00:00Z",
            "engaged": "Y"
        },
        {
            "count1": 59,
            "crew_name": "Rite India",
            "crewsetup_id": 185,
            "crewsetup_line_id": 165,
            "effective_start_date": "2024-03-15T00:00:00Z",
            "effective_end_date": "2024-04-15T00:00:00Z",
            "resource_name": "Homer 05-Meyers",
            "resource_number": "05-35208",
            "resource_id": 100001345054485,
            "dates": "2024-03-28T00:00:00Z",
            "engaged": "Y"
        },
        {
            "count1": 60,
            "crew_name": "Rite India",
            "crewsetup_id": 185,
            "crewsetup_line_id": 165,
            "effective_start_date": "2024-03-15T00:00:00Z",
            "effective_end_date": "2024-04-15T00:00:00Z",
            "resource_name": "Homer 05-Meyers",
            "resource_number": "05-35208",
            "resource_id": 100001345054485,
            "dates": "2024-03-29T00:00:00Z",
            "engaged": "Y"
        },
        {
            "count1": 61,
            "crew_name": "Rite India",
            "crewsetup_id": 185,
            "crewsetup_line_id": 165,
            "effective_start_date": "2024-03-15T00:00:00Z",
            "effective_end_date": "2024-04-15T00:00:00Z",
            "resource_name": "Homer 05-Meyers",
            "resource_number": "05-35208",
            "resource_id": 100001345054485,
            "dates": "2024-03-30T00:00:00Z",
            "engaged": "Y"
        },
        {
            "count1": 62,
            "crew_name": "Rite India",
            "crewsetup_id": 185,
            "crewsetup_line_id": 165,
            "effective_start_date": "2024-03-15T00:00:00Z",
            "effective_end_date": "2024-04-15T00:00:00Z",
            "resource_name": "Homer 05-Meyers",
            "resource_number": "05-35208",
            "resource_id": 100001345054485,
            "dates": "2024-03-31T00:00:00Z",
            "engaged": "Y"
        }
    ],
    "hasMore": false,
    "limit": 1000,
    "offset": 0,
    "count": 62,
    "links": [
        {
            "rel": "self",
            "href": "http://129.158.228.138:8080/ords/timerite/timerite/FetchcrewSechedule?crewId=185&crewDate=15-MAR-2024"
        },
        {
            "rel": "describedby",
            "href": "http://129.158.228.138:8080/ords/timerite/metadata-catalog/timerite/item"
        },
        {
            "rel": "first",
            "href": "http://129.158.228.138:8080/ords/timerite/timerite/FetchcrewSechedule?crewId=185&crewDate=15-MAR-2024"
        }
    ]
}