{
  "root": "assignVariablesIsAdd",
  "description": "",
  "actions": {
    "assignVariablesIsAdd": {
      "module": "vb/action/builtin/assignVariablesAction",
      "parameters": {
        "$page.variables.isAdd": {
          "source": true
        }
      },
      "outcomes": {
        "success": "callChainTRFetchTimeSheetData"
      }
    },
    "callChainTRFetchTimeSheetData": {
      "module": "vb/action/builtin/callChainAction",
      "parameters": {
        "id": "TR_FetchTimeSheetData"
      }
    }
  }
}