{
  "root": "ifSearchobj",
  "description": "",
  "actions": {
    "fireNotification": {
      "module": "vb/action/builtin/fireNotificationEventAction",
      "parameters": {
        "target": "leaf",
        "summary": "failed to initiate Approval",
        "type": "error",
        "displayMode": "transient"
      }
    },
    "callRestPostSUBMITTIMESHEETDBUI1SubmitTimesheetUI": {
      "module": "vb/action/builtin/restAction",
      "parameters": {
        "endpoint": "icsEndpoint/postSUBMIT_TIMESHEETDB_UI1_0SubmitTimesheetUI"
      },
      "outcomes": {
        "success": "fireNotification3",
        "failure": "fireNotification"
      }
    },
    "fireNotification3": {
      "module": "vb/action/builtin/fireNotificationEventAction",
      "parameters": {
        "target": "leaf",
        "summary": "Approval initiated Successfully",
        "displayMode": "transient",
        "type": "confirmation"
      },
      "outcomes": {}
    },
    "callRestUpdateApproval": {
      "module": "vb/action/builtin/restAction",
      "parameters": {
        "endpoint": "TimeRite_Ords_Service/UpdateApproval",
        "uriParams": {
          "time_entry_id": "{{ $chain.results.callRestGetTimeEntryId.body.items[$current.index].time_entry_id }}"
        }
      }
    },
    "callRestGetTimeEntryId": {
      "module": "vb/action/builtin/restAction",
      "parameters": {
        "endpoint": "TimeRite_Ords_Service/GetTimeEntryId",
        "uriParams": {

          "crew_week": "{{ $page.variables.searchobj.dateRange ? $page.variables.searchobj.dateRange : \"\" }}",
          "crewsetup_id": "{{ $page.variables.searchobj.crewSetup_id }}",
          "crew_date": "{{ \"\" }}"
        }
      },
      "outcomes": {
        "success": "forEach"
      }
    },
    "forEach": {
      "module": "vb/action/builtin/forEachAction",
      "parameters": {
        "actionId": "callRestUpdateApproval",
        "items": "{{ $chain.results.callRestGetTimeEntryId.body.items }}"
      },
      "outcomes": {
        "success": "callRestPostSUBMITTIMESHEETDBUI1SubmitTimesheetUI"
      }
    },
    "ifSearchobj": {
      "module": "vb/action/builtin/ifAction",
      "parameters": {
        "condition": "[[ $page.variables.searchobj.specific === \"DAY\" ]]"
      },
      "outcomes": {
        "true": "callFunctionDateFormatter",
        "false": "callRestGetTimeEntryId"
      }
    },
    "callFunctionDateFormatter": {
      "module": "vb/action/builtin/callModuleFunctionAction",
      "parameters": {
        "module": "[[ $functions ]]",
        "functionName": "dateFormatter",
        "params": [
          null,
          null,
          "{{ $page.variables.searchobj.crewdate }}"
        ]
      },
      "outcomes": {
        "success": "callRestGetTimeEntryId"
      }
    }
  }
}