{
  "root": "callFunctionValidateGroup",
  "description": "",
  "actions": {
    "fireNotification": {
      "module": "vb/action/builtin/fireNotificationEventAction",
      "parameters": {
        "target": "leaf",
        "summary": "Failed to Update Timesheet",
        "type": "error",
        "displayMode": "transient"
      }
    },
    "callRestPutUpdateheaderSet": {
      "module": "vb/action/builtin/restAction",
      "parameters": {
        "endpoint": "TimeRite_Ords_Service/putUpdateheaderSet",
        "body": "{{ $page.variables.SearchRowdata }}",
        "uriParams": {
          "crewsetup_id": "{{ $page.variables.SearchRowdata.crewsetup_id }}",
          "time_entry_id": "{{ $page.variables.SearchRowdata.time_entry_id }}",
          "crewsetup_line_id": "{{ $page.variables.SearchRowdata.crewsetup_line_id }}"
        }
      },
      "outcomes": {
        "success": "fireNotification3",
        "failure": "fireNotification"
      }
    },
    "fireNotification3": {
      "module": "vb/action/builtin/fireNotificationEventAction",
      "parameters": {
        "target": "leaf",
        "summary": "TimeSheet updated Successfully",
        "type": "confirmation",
        "displayMode": "transient"
      },
      "outcomes": {
        "success": "callComponentTimesDialogClose"
      }
    },
    "callChainSearchBtnAction": {
      "module": "vb/action/builtin/callChainAction",
      "parameters": {
        "id": "TR_fetchSearchSheetData"
      }
    },
    "callComponentTimesDialogClose": {
      "module": "vb/action/builtin/callComponentMethodAction",
      "parameters": {
        "component": "{{ document.getElementById('timesDialog') }}",
        "method": "close"
      },
      "outcomes": {
        "success": "resetVariablesSearchRowdata"
      }
    },
    "resetVariablesSearchRowdata": {
      "module": "vb/action/builtin/resetVariablesAction",
      "parameters": {
        "variables": [
          "$page.variables.SearchRowdata"
        ]
      },
      "outcomes": {
        "success": "callChainSearchBtnAction"
      }
    },
    "callFunctionValidateGroup": {
      "module": "vb/action/builtin/callModuleFunctionAction",
      "parameters": {
        "module": "[[ $application.functions ]]",
        "functionName": "validateGroup",
        "params": [
          "updateSearchformvalidation"
        ]
      },
      "outcomes": {
        "success": "if"
      }
    },
    "if": {
      "module": "vb/action/builtin/ifAction",
      "parameters": {
        "condition": "[[ $chain.results.callFunctionValidateGroup === 'valid' ]]"
      },
      "outcomes": {
        "true": "callFunctionTimeValidator"
      }
    },
    "callFunctionTimeValidator": {
      "module": "vb/action/builtin/callModuleFunctionAction",
      "parameters": {
        "module": "[[ $application.functions ]]",
        "functionName": "timeValidator",
        "params": [
          "{{ $page.variables.SearchRowdata }}"
        ]
      },
      "outcomes": {
        "success": "if3"
      }
    },
    "if3": {
      "module": "vb/action/builtin/ifAction",
      "parameters": {
        "condition": "[[ $chain.results.callFunctionTimeValidator.isValid ]]"
      },
      "outcomes": {
        "true": "callRestPutUpdateheaderSet"
      }
    }
  }
}