             {
			 "contract_amount "       :"",
             "contract_number"        :"",
             "created_by"             :"",
             "creation_date"          :"",
             "crew_end_week"          :"",
             "crew_name"              :"",
             "crew_scope"             :"",
             "crew_start_week"        :"",
             "crew_type"              :"",
             "crewsetup_id"           :"",
             "customer_name"          :"",
             "end_date"               :"",
             "fri_in_time"            :"",
             "fri_out_time"           :"",
             "last_update_date"       :"",
             "last_updated_by"        :"",
             "mon_in_time"            :"",
             "mon_out_time"           :"",
             "po_number"              :"",
             "po_quantity"            :"",
             "po_quantity_measure"    :"",
             "primary_timekeeper_id"  :"",
             "project_close_date"     :"",
             "project_number"         :"",
             "project_start_date"     :"",
             "project_type"           :"",
             "sat_in_time"            :"",
             "sat_out_time"           :"",
             "secondary_timekeeper_id":"",
             "start_date"             :"",
             "sun_in_time"            :"",
             "sun_out_time"           :"",
             "supervisor"             :"",
             "thu_in_time"            :"",
             "thu_out_time"           :"",
             "time_entry_method"      :"",
             "tue_in_time"            :"",
             "tue_out_time"           :"",
             "wed_in_time"            :"",
             "wed_out_time"           :"",
             "week"                   :""
			 }
			 