{
    "fields": [
        {
            "type": "number",
            "name": "id",
            "internal": false,
            "key": true,
            "oid": "c4efe48c-9ec4-4bc1-bf10-d95273d1892a",
            "required": true,
            "unique": true,
            "displayLabel": "Id"
        },
        {
            "type": "datetime",
            "name": "creationDate",
            "internal": false,
            "oid": "4dcda3de-cae4-4791-a452-a37dbb8238b1",
            "displayLabel": "Created",
            "historyType": "timeCreated"
        },
        {
            "type": "datetime",
            "name": "lastUpdateDate",
            "internal": false,
            "oid": "0c97a94a-35a2-45e0-abb4-a3ff33735085",
            "displayLabel": "Last Updated",
            "historyType": "timeUpdated"
        },
        {
            "type": "string",
            "name": "createdBy",
            "internal": false,
            "oid": "cdbb1e9c-5b26-4d34-96f8-f0e3e6297124",
            "displayLabel": "Created By",
            "historyType": "createdBy"
        },
        {
            "type": "string",
            "name": "lastUpdatedBy",
            "internal": false,
            "oid": "29d4a5d2-aed4-4b4a-aa36-5daac9965b85",
            "displayLabel": "Last Updated By",
            "historyType": "updatedBy"
        },
        {
            "type": "number",
            "name": "versionNumber",
            "internal": false,
            "oid": "6761d99c-f517-46e2-899c-2f3b31889ec0",
            "displayLabel": "Version Number",
            "historyType": "versionNumber"
        },
        {
            "type": "string",
            "name": "crewWeekStartDay",
            "oid": "9c8bdc68-8fdf-493d-8084-98154c2cef0e",
            "displayLabel": "CrewWeekStartDay"
        },
        {
            "type": "string",
            "name": "crewWeekEndDay",
            "oid": "b12b32cb-7f31-4ec4-81b8-a20f2e8b435c",
            "displayLabel": "Crew Week End Day"
        }
    ],
    "name": "WeekDays",
    "oid": "5b528f4a-32b2-4c8e-8e3a-078389632fc8",
    "displayLabel": "Week Days"
}