{
    "items": [
        {
            "contractId": 300001496424854,
            "contractNumber": "1032"
        },
        {
            "contractId": 300001514987208,
            "contractNumber": "1050"
        },
        {
            "contractId": 300001514987304,
            "contractNumber": "16000"
        },
        {
            "contractId": 300001514993745,
            "contractNumber": "3000"
        },
        {
            "contractId": 300001514986832,
            "contractNumber": "1035"
        },
        {
            "contractId": 300001514987091,
            "contractNumber": "1040"
        },
        {
            "contractId": 300001514993689,
            "contractNumber": "2001"
        },
        {
            "contractId": 300001515009019,
            "contractNumber": "Construction Contract"
        },
        {
            "contractId": 300001514986715,
            "contractNumber": "1033"
        },
        {
            "contractId": 300001514986979,
            "contractNumber": "1038"
        },
        {
            "contractId": 300001514987014,
            "contractNumber": "1039"
        },
        {
            "contractId": 300001515009274,
            "contractNumber": "100"
        },
        {
            "contractId": 300001514987341,
            "contractNumber": "15000"
        },
        {
            "contractId": 300001514986862,
            "contractNumber": "1036"
        },
        {
            "contractId": 300001514993797,
            "contractNumber": "4000"
        },
        {
            "contractId": 300001514993823,
            "contractNumber": "5555"
        },
        {
            "contractId": 300001514986933,
            "contractNumber": "1037"
        },
        {
            "contractId": 300001514987483,
            "contractNumber": "1999"
        },
        {
            "contractId": 300001514986779,
            "contractNumber": "1034"
        },
        {
            "contractId": 300001514993600,
            "contractNumber": "2000"
        }
    ],
    "count": 20
}