   {  "crewsetup_id":""     
    ,"customer_id":""          
    ,"contract_id ":""         
    ,"project_id":""           
    ,"project_number":"" 
    ,"task_id":""              
    ,"task_name ":""           
    ,"po":""                  
    ,"po_line":""             
    ,"resource_type":""        
    ,"resource_number":""      
    ,"resource_name":""        
    ,"resource_role":""        
    ,"resource_location":""    
    ,"assignment_number":""    
    ,"equipment_category":""   
    ,"equipment_rate":""       
    ,"bill_rate":""            
    ,"pay_rate":""             
    ,"ot_rate":""              
    ,"active_flag":""          
    ,"effective_start_date":"" 
    ,"effective_end_date":""   
    ,"crew_week":""            
    ,"time_entry_mode":""      
    ,"sun_in_time":""          
    ,"sun_out_time":""        
    ,"mon_in_time":""          
    ,"mon_out_time":""         
    ,"tue_in_time":""         
    ,"tue_out_time":""         
    ,"wed_in_time":""          
    ,"wed_out_time":"" 
    ,"thu_in_time":""          
    ,"thu_out_time":""         
    ,"fri_in_time":""          
    ,"fri_out_time":""         
    ,"sat_in_time":""          
    ,"sat_out_time":""         
    ,"creation_date":""       
    ,"last_updated_date":""    
    ,"last_updated_by":""      
    ,"created_by":""           
   }	