{
    "items": [
        {
            "time_entry_id": 336
        },
        {
            "time_entry_id": 332
        },
        {
            "time_entry_id": 331
        },
        {
            "time_entry_id": 333
        },
        {
            "time_entry_id": 319
        },
        {
            "time_entry_id": 320
        },
        {
            "time_entry_id": 318
        },
        {
            "time_entry_id": 330
        },
        {
            "time_entry_id": 334
        },
        {
            "time_entry_id": 335
        },
        {
            "time_entry_id": 337
        }
    ],
    "hasMore": false,
    "limit": 25,
    "offset": 0,
    "count": 11,
    "links": [
        {
            "rel": "self",
            "href": "http://129.158.228.138:8080/ords/timerite/timerite/getTimeEntryId?crewsetup_id=251"
        },
        {
            "rel": "describedby",
            "href": "http://129.158.228.138:8080/ords/timerite/metadata-catalog/timerite/item"
        },
        {
            "rel": "first",
            "href": "http://129.158.228.138:8080/ords/timerite/timerite/getTimeEntryId?crewsetup_id=251"
        }
    ]
}