[
    {
        "project_id": 300000642304957,
        "project_number": "RITE12"
    },
    {
        "project_id": 300001444304541,
        "project_number": "T-200"
    },
    {
        "project_id": 300001496161603,
        "project_number": "1033"
    },
    {
        "project_id": 300001495228561,
        "project_number": "1032"
    },
    {
        "project_id": 300000308687662,
        "project_number": "jkjkj"
    },
    {
        "project_id": 300000308758097,
        "project_number": "OAK_CAP2"
    },
    {
        "project_id": 300000309120137,
        "project_number": "OAK_BURDENING"
    },
    {
        "project_id": 300000310697667,
        "project_number": "10222023_TESTCAP1"
    },
    {
        "project_id": 300000308757711,
        "project_number": "OAK_IND2"
    },
    {
        "project_id": 300000303435660,
        "project_number": "OAK_CAPITAL"
    },
    {
        "project_id": 300000303726638,
        "project_number": "OAK_BILLING"
    },
    {
        "project_id": 300000309120168,
        "project_number": "BURDEN1"
    },
    {
        "project_id": 300000310419657,
        "project_number": "OAK_CAP123"
    },
    {
        "project_id": 300000308757690,
        "project_number": "OAK_INDIRECT1"
    },
    {
        "project_id": 300000310697804,
        "project_number": "OAK_MERGE"
    },
    {
        "project_id": 300000311876926,
        "project_number": "OAK_CAP_SG_Y"
    },
    {
        "project_id": 300000311876956,
        "project_number": "OAK_CAP_Sup_Y"
    },
    {
        "project_id": 300000313534806,
        "project_number": "OAK Fixed Bid"
    },
    {
        "project_id": 300000313770945,
        "project_number": "OAK1003"
    },
    {
        "project_id": 300000313770963,
        "project_number": "OAK1004"
    },
    {
        "project_id": 300000313770981,
        "project_number": "OAK1005"
    },
    {
        "project_id": 300000313978017,
        "project_number": "OAK1006"
    },
    {
        "project_id": 300000303726714,
        "project_number": "OAK_BILLING_V1"
    },
    {
        "project_id": 300000308757992,
        "project_number": "OAK_CAP1"
    },
    {
        "project_id": 300000310697764,
        "project_number": "OAK_CAPITAL_MERGE"
    },
    {
        "project_id": 300000303435611,
        "project_number": "OAK_INDIRECT"
    },
    {
        "project_id": 300000311530600,
        "project_number": "OAK_GROUP"
    },
    {
        "project_id": 300000311531094,
        "project_number": "OAK_EXP_TYPE_GROUP"
    },
    {
        "project_id": 300000311531115,
        "project_number": "OAK_EXP_TYPE_GROUPING"
    },
    {
        "project_id": 300000311530913,
        "project_number": "OAK_GRP1"
    }
]