{
"person_id":""        
,"crewsetup_id":""      
,"crewsetup_line_id":"" 
,"crew_week":""         
,"crew_date":""         
,"timeentry_week_id":""   
,"mon_in_time":""       
,"mon_out_time":""      
,"tue_in_time":""       
,"tue_out_time":""      
,"wed_in_time":""       
,"wed_out_time":""      
,"thu_in_time":""       
,"thu_out_time":""      
,"fri_in_time":""       
,"fri_out_time":""      
,"sat_in_time":""       
,"sat_out_time":""      
,"sun_in_time":""       
,"sun_out_time":"" 
,"comments":""
} 