{
    "items": [
        {
            "contract_id": 100002510075445,
            "contract_number": "PHW42",
            "customer_id": 100000000395803
        }
    ],
    "hasMore": false,
    "limit": 25,
    "offset": 0,
    "count": 1,
    "links": [
        {
            "rel": "self",
            "href": "http://129.158.228.138:8080/ords/timerite/timerite/setUpContractDetails?customer_id=100000000395803"
        },
        {
            "rel": "describedby",
            "href": "http://129.158.228.138:8080/ords/timerite/metadata-catalog/timerite/item"
        },
        {
            "rel": "first",
            "href": "http://129.158.228.138:8080/ords/timerite/timerite/setUpContractDetails?customer_id=100000000395803"
        }
    ]
}