{
  "title": "",
  "description": "",
  "variables": {
    "adjustment": {
      "type": {
        "contractLineNumber": "string",
        "contractNumber": "string",
        "field1": "string"
      }
    },
    "adjustments": {
      "type": "object[]"
    },
    "availableRetainageAmount": {
      "type": "string"
    },
    "billbackAmount": {
      "type": "number[]"
    },
    "billTrnsAmount": {
      "type": "number"
    },
    "BusinessUnitName": {
      "type": "string"
    },
    "CompletionDate": {
      "type": "string"
    },
    "contract_id": {
      "type": "any"
    },
    "contract_id_for_update": {
      "type": "string"
    },
    "contractNumber": {
      "type": "string"
    },
    "contractSearchscreenRecords": {
      "type": "vb/ArrayDataProvider2",
      "defaultValue": {
        "itemType": "contractSearchRecord"
      },
      "input": "none"
    },
    "ContractTypeName": {
      "type": "string"
    },
    "currentDate": {
      "type": "string"
    },
    "dialogContractLineNumber": {
      "type": "string"
    },
    "dialogContractNumber": {
      "type": "string"
    },
    "erroredObjects": {
      "type": "object[]"
    },
    "EventDescription": {
      "type": "string"
    },
    "EventTypeName": {
      "type": "string"
    },
    "formattedDate": {
      "type": "string"
    },
    "functionReturn": {
      "type": "object"
    },
    "generateInvoice": {
      "type": "boolean"
    },
    "get1113185ProjectLaborResourcesListSDP": {
      "type": "vb/ServiceDataProvider",
      "defaultValue": {
        "endpoint": "getProjects/get11_13_18_05ProjectLaborResources",
        "keyAttributes": "Name",
        "itemsPath": "items",
        "responseType": "get1113185ProjectLaborResourcesResponse",
        "transformsContext": {
          "vb-textFilterAttributes": [
            "Name"
          ]
        }
      }
    },
    "get1113185ProjectOrganizationsLOVListSDP": {
      "type": "vb/ServiceDataProvider",
      "defaultValue": {
        "endpoint": "getProjects/get11_13_18_05ProjectOrganizationsLOV",
        "keyAttributes": "OrganizationName",
        "itemsPath": "items",
        "responseType": "get1113185ProjectOrganizationsLOVResponse",
        "transformsContext": {
          "vb-textFilterAttributes": [
            "OrganizationName"
          ]
        }
      }
    },
    "get1113185ProjectsListSDP": {
      "type": "vb/ServiceDataProvider",
      "defaultValue": {
        "endpoint": "getProjects/get11_13_18_05Projects",
        "keyAttributes": "ProjectManagerName",
        "itemsPath": "items",
        "responseType": "get1113185ProjectsResponse",
        "transformsContext": {
          "vb-textFilterAttributes": [
            "ProjectManagerName"
          ]
        },
        "filterCriterion": {
          "op": "$co",
          "attribute": "ProjectManagerName",
          "value": "'A'"
        }
      }
    },
    "getCOMSUMMITSUMMITALLCONTRACTSLOVSUMMIT1GetContractsListSDP": {
      "type": "vb/ServiceDataProvider",
      "defaultValue": {
        "endpoint": "getContracts/getCOM_SUMMIT_SUMMIT_ALLCONTRACTS_LOV_SUMMIT1_0GetContracts",
        "keyAttributes": "contractNumber",
        "itemsPath": "items",
        "responseType": "getCOMSUMMITSUMMITALLCONTRACTSLOVSUMMIT1GetContractsResponse",
        "transformsContext": {
          "vb-textFilterAttributes": [
            "contractNumber"
          ]
        }
      }
    },
    "getCOMSUMMITSUMMITALLPROJECTMANAGERLOSUMMIT1GetProjectManagers2ListSDP": {
      "type": "vb/ServiceDataProvider",
      "defaultValue": {
        "endpoint": "getContracts/getCOM_SUMMIT_SUMMIT_ALLPROJECTMANAGERLO_SUMMIT1_0GetProjectManagers2",
        "keyAttributes": "managerName",
        "itemsPath": "items",
        "responseType": "getCOMSUMMITSUMMITALLPROJECTMANAGERLOSUMMIT1GetProjectManagers2Response",
        "transformsContext": {
          "vb-textFilterAttributes": [
            "managerName"
          ]
        }
      }
    },
    "getCONTRACTSEARCH1ExtractContractSearchDetails2ListSDP": {
      "type": "vb/ServiceDataProvider",
      "defaultValue": {
        "endpoint": "icsEndpoint/getCONTRACT_SEARCH1_0ExtractContractSearchDetails2",
        "keyAttributes": "contractLineId",
        "itemsPath": "retValues",
        "responseType": "getCONTRACTSEARCH1ExtractContractSearchDetails2Response"
      }
    },
    "getCONTRACTSLINESLOV1GetContractLinesListSDP": {
      "type": "vb/ServiceDataProvider",
      "defaultValue": {
        "endpoint": "icsEndpoint/getCONTRACTS_LINES_LOV1_0GetContractLines",
        "keyAttributes": "lineNumber",
        "responseType": "getCONTRACTSLINESLOV1GetContractLinesResponse",
        "uriParameters": {
          "p_contract_id": "{{ $variables.contract_id }}"
        },
        "transformsContext": {
          "vb-textFilterAttributes": [
            "lineNumber","lineId"
          ]
        }
      },
      "required": false,
      "input": "none"
    },
    "getCONTRACTSLINESLOV1GetContractLinesListSDP2": {
      "type": "vb/ServiceDataProvider",
      "defaultValue": {
        "endpoint": "icsEndpoint/getCONTRACTS_LINES_LOV1_0GetContractLines",
        "keyAttributes": "lineNumber",
        "itemsPath": "",
        "responseType": "getCONTRACTSLINESLOV1GetContractLinesResponse5",
        "uriParameters": {
          "p_contract_id": "{{ $variables.contract_id }}"
        },
        "transformsContext": {
          "vb-textFilterAttributes": [
            "lineNumber"
          ]
        },
        "capabilities": {
          "fetchByKeys": {
            "multiKeyLookup": "yes",
            "implementation": "lookup"
          },
          "sort": {
            "attributes": "single"
          }
        }
      }
    },
    "getCONTRACTSLOV1GetContracts2ListSDP": {
      "type": "vb/ServiceDataProvider",
      "defaultValue": {
        "endpoint": "icsEndpoint/getCONTRACTS_LOV1_0GetContracts2",
        "keyAttributes": "contractNumber",
        "itemsPath": "",
        "responseType": "getCONTRACTSLOV1GetContracts2Response",
        "transformsContext": {
          "vb-textFilterAttributes": [
            "contractNumber"
          ]
        }
      }
    },
    "getCONTRACTSLOV1GetContracts2ListSDP2": {
      "type": "vb/ServiceDataProvider",
      "defaultValue": {
        "endpoint": "icsEndpoint/getCONTRACTS_LOV1_0GetContracts2",
        "keyAttributes": "contractNumber",
        "itemsPath": "items",
        "responseType": "getCONTRACTSLOV1GetContracts2Response2",
        "transformsContext": {
          "vb-textFilterAttributes": [
            "contractNumber"
          ]
        }
      }
    },
    "getFscmRestApiResources1113185ProjectOrganizationsLOVListSDP": {
      "type": "vb/ServiceDataProvider",
      "defaultValue": {
        "endpoint": "Saas_Summit/getFscmRestApiResources11_13_18_05ProjectOrganizationsLOV",
        "keyAttributes": "OrganizationName",
        "itemsPath": "items",
        "responseType": "getFscmRestApiResources1113185ProjectOrganizationsLOVResponse",
        "transformsContext": {
          "vb-textFilterAttributes": [
            "OrganizationName"
          ]
        }
      }
    },
    "getFscmRestApiResources1113185ProjectsListSDP": {
      "type": "vb/ServiceDataProvider",
      "defaultValue": {
        "endpoint": "Saas_Summit/getFscmRestApiResources11_13_18_05Projects",
        "keyAttributes": "ProjectNumber",
        "itemsPath": "items",
        "responseType": "getFscmRestApiResources1113185ProjectsResponse",
        "transformsContext": {
          "vb-textFilterAttributes": [
            "ProjectNumber"
          ]
        }
      }
    },
    "getFscmRestApiResources1113185ProjectsListSDP2": {
      "type": "vb/ServiceDataProvider",
      "defaultValue": {
        "endpoint": "Saas_Summit/getFscmRestApiResources11_13_18_05Projects",
        "keyAttributes": "ProjectName",
        "itemsPath": "items",
        "responseType": "getFscmRestApiResources1113185ProjectsResponse2",
        "transformsContext": {
          "vb-textFilterAttributes": [
            "ProjectName"
          ]
        }
      }
    },
    "getFscmRestApiResources1113185ProjectsLOV2ListSDP": {
      "type": "vb/ServiceDataProvider",
      "defaultValue": {
        "endpoint": "Saas_Summit/getFscmRestApiResources11_13_18_05ProjectsLOV2",
        "keyAttributes": "ProjectName",
        "itemsPath": "items",
        "responseType": "getFscmRestApiResources1113185ProjectsLOV2Response",
        "transformsContext": {
          "vb-textFilterAttributes": [
            "ProjectName"
          ]
        }
      }
    },
    "getFscmRestApiResources1113185ValueSetsService20Type20SummitChildValuesListSDP": {
      "type": "vb/ServiceDataProvider",
      "defaultValue": {
        "endpoint": "Saas_Summit/getFscmRestApiResources11_13_18_05ValueSetsService20Type20SummitChildValues",
        "keyAttributes": "Value",
        "itemsPath": "items",
        "responseType": "getFscmRestApiResources1113185ValueSetsService20Type20SummitChildValuesResponse",
        "transformsContext": {
          "vb-textFilterAttributes": [
            "Value"
          ]
        }
      }
    },
    "getPROJECTMANAGERLOV1GetProjectManagers2ListSDP": {
      "type": "vb/ServiceDataProvider",
      "defaultValue": {
        "endpoint": "icsEndpoint/getPROJECTMANAGERLOV1_0GetProjectManagers2",
        "keyAttributes": "managerName",
        "itemsPath": "items",
        "responseType": "getPROJECTMANAGERLOV1GetProjectManagers2Response",
        "transformsContext": {
          "vb-textFilterAttributes": [
            "managerName"
          ]
        }
      }
    },
    "getPROJECTMANAGERLOV1GetProjectManagers2ListSDP2": {
      "type": "vb/ServiceDataProvider",
      "defaultValue": {
        "endpoint": "icsEndpoint/getPROJECTMANAGERLOV1_0GetProjectManagers2",
        "keyAttributes": "managerName",
        "itemsPath": "items",
        "responseType": "getPROJECTMANAGERLOV1GetProjectManagers2Response2",
        "transformsContext": {
          "vb-textFilterAttributes": [
            "managerName"
          ]
        }
      }
    },
    "getPROJECTSLOV1GetProjectsLOVListSDP": {
      "type": "vb/ServiceDataProvider",
      "defaultValue": {
        "endpoint": "icsEndpoint/getPROJECTS_LOV1_0GetProjectsLOV",
        "keyAttributes": "project_number",
        "itemsPath": "",
        "responseType": "getPROJECTSLOV1GetProjectsLOVResponse",
        "uriParameters": {
          "p_contract_id": "{{ $variables.contract_id }}"
        },
        "transformsContext": {
          "vb-textFilterAttributes": [
            "project_number"
          ]
        }
      }
    },
    "getRETENTIONCONTRACT1ExtractRevenueAmounts2ListSDP": {
      "type": "vb/ServiceDataProvider",
      "defaultValue": {
        "endpoint": "icsEndpoint/getRETENTIONCONTRACT1_0ExtractRevenueAmounts2",
        "keyAttributes": "lineNumber",
        "itemsPath": "",
        "responseType": "getRETENTIONCONTRACT1ExtractRevenueAmounts2Response",
        "uriParameters": {
          "p_contract_id": "{{ $variables.contract_id }}",
          "p_contract_line_id": "{{ $variables.lineId }}",
          "p_project_id": "{{ $variables.projectId }}"
        }
      }
    },
    "line_id_for_update": {
      "type": "string"
    },
    "lineId": {
      "type": "string"
    },
    "lineNumber": {
      "type": "string"
    },
    "managerName": {
      "type": "string"
    },
    "openNavDrawer": {
      "type": "boolean",
      "defaultValue": false
    },
    "OrganizationName": {
      "type": "string"
    },
    "orgId": {
      "type": "string"
    },
    "panelContractItem": {
      "type": "string"
    },
    "projectId": {
      "type": "any"
    },
    "projectManagers": {
      "type": "vb/ServiceDataProvider",
      "defaultValue": {
        "endpoint": "getProjects/get11_13_18_05ProjectLaborResources",
        "responseType": "get11_13_18_05ProjectLaborResources",
        "itemsPath": "items"
      }
    },
    "projectManagersLOV": {
      "type": "vb/ServiceDataProvider",
      "defaultValue": {
        "endpoint": "icsEndpoint/getPROJECTMANAGERLOV1_0GetProjectManagers2",
        "responseType": "getPROJECTMANAGERLOV1_0GetProjectManagers2",
        "itemsPath": "items"
      }
    },
    "projectName": {
      "type": "string"
    },
    "projectNumber": {
      "type": "any"
    },
    "resourceId": {
      "type": "number"
    },
    "RetContracts": {
      "type": "vb/ArrayDataProvider2",
      "defaultValue": {
        "itemType": "RetContract"
      }
    },
    "retentionContractsListSDP": {
      "type": "vb/ServiceDataProvider",
      "defaultValue": {
        "endpoint": "businessObjects/getall_RetentionContracts",
        "keyAttributes": "id",
        "itemsPath": "items",
        "responseType": "getallRetentionContractsResponse"
      }
    },
    "selectedBillingFreq": {
      "type": "string"
    },
    "selectedBillingPortal": {
      "type": "string"
    },
    "selectedBudgetedcosts": {
      "type": "number"
    },
    "selectedCommittedCosts": {
      "type": "number"
    },
    "selectedContractName": {
      "type": "string"
    },
    "selectedContractNumber": {
      "type": "string"
    },
    "selectedCosts": {
      "type": "number"
    },
    "selectedCustomer": {
      "type": "string"
    },
    "selectedCustomerContact": {
      "type": "string"
    },
    "selectedIndex": {
      "type": "string"
    },
    "selectedProjectNumber": {
      "type": "string"
    },
    "showProcessing": {
      "type": "boolean",
      "defaultValue": false
    },
    "SourceName": {
      "type": "string"
    },
    "SourceReference": {
      "type": "string"
    },
    "storedMaterials": {
      "type": "number[]"
    },
    "totalAmountToBill": {
      "type": "number",
      "defaultValue": 0
    },
    "totalPreviousBilledAmount": {
      "type": "number",
      "defaultValue": 0
    },
    "totalRetainageAmount": {
      "type": "number",
      "defaultValue": 0
    },
    "totalRevisedContractAmount": {
      "type": "number",
      "defaultValue": 0
    },
    "totalStoredMaterials": {
      "type": "number",
      "defaultValue": 0
    },
    "valueId": {
      "type": "number"
    },
    "valueName": {
      "type": "string"
    },
    "values": {
      "type": "number[]"
    }

  },
  "metadata": {
    "dynamicContainerMetadata": {
      "type": "vb/ContainerMetadataProviderDescriptor"
    }
  },
  "types": {
    "@decorators.get11_13_18_05ProjectLaborResources": {
      "endpoint": "get11_13_18_05ProjectLaborResources",
      "service": "getProjects",
      "path": "response"
    },
    "@decorators.get1113185Contracts2Response": {
      "endpoint": "get11_13_18_05Contracts2",
      "service": "GenerateDraftInvoice",
      "path": "response"
    },
    "@decorators.get1113185ProjectLaborResourcesResponse": {
      "endpoint": "get11_13_18_05ProjectLaborResources",
      "service": "getProjects",
      "path": "response"
    },
    "@decorators.get1113185ProjectOrganizationsLOVResponse": {
      "endpoint": "get11_13_18_05ProjectOrganizationsLOV",
      "service": "getProjects",
      "path": "response"
    },
    "@decorators.get1113185ProjectsResponse": {
      "endpoint": "get11_13_18_05Projects",
      "service": "getProjects",
      "path": "response"
    },
    "@decorators.getallRetentionContractsResponse": {
      "endpoint": "getall_RetentionContracts",
      "service": "businessObjects",
      "path": "response"
    },
    "@decorators.getCOMSUMMITSUMMITALLCONTRACTLINESLOVSUMMIT1GetContractLines2Response": {
      "endpoint": "getCOM_SUMMIT_SUMMIT_ALLCONTRACT_LINES_LOV_SUMMIT1_0GetContractLines2",
      "service": "getContracts",
      "path": "response"
    },
    "@decorators.getCOMSUMMITSUMMITALLCONTRACTSLOVSUMMIT1GetContractsResponse": {
      "endpoint": "getCOM_SUMMIT_SUMMIT_ALLCONTRACTS_LOV_SUMMIT1_0GetContracts",
      "service": "getContracts",
      "path": "response"
    },
    "@decorators.getCOMSUMMITSUMMITALLPROJECTMANAGERLOSUMMIT1GetProjectManagers2Response": {
      "endpoint": "getCOM_SUMMIT_SUMMIT_ALLPROJECTMANAGERLO_SUMMIT1_0GetProjectManagers2",
      "service": "getContracts",
      "path": "response"
    },
    "@decorators.getCONTRACTSEARCH1ExtractContractSearchDetails2Response": {
      "endpoint": "getCONTRACT_SEARCH1_0ExtractContractSearchDetails2",
      "service": "icsEndpoint",
      "path": "response"
    },
    "@decorators.getCONTRACTSLINESLOV1GetContractLinesResponse": {
      "endpoint": "getCONTRACTS_LINES_LOV1_0GetContractLines",
      "service": "icsEndpoint",
      "path": "response"
    },
    "@decorators.getCONTRACTSLINESLOV1GetContractLinesResponse2": {
      "endpoint": "getCONTRACTS_LINES_LOV1_0GetContractLines",
      "service": "icsEndpoint",
      "path": "response"
    },
    "@decorators.getCONTRACTSLINESLOV1GetContractLinesResponse3": {
      "endpoint": "getCONTRACTS_LINES_LOV1_0GetContractLines",
      "service": "icsEndpoint",
      "path": "response"
    },
    "@decorators.getCONTRACTSLINESLOV1GetContractLinesResponse4": {
      "endpoint": "getCONTRACTS_LINES_LOV1_0GetContractLines",
      "service": "icsEndpoint",
      "path": "response"
    },
    "@decorators.getCONTRACTSLINESLOV1GetContractLinesResponse5": {
      "endpoint": "getCONTRACTS_LINES_LOV1_0GetContractLines",
      "service": "icsEndpoint",
      "path": "response"
    },
    "@decorators.getCONTRACTSLOV1GetContracts2Response": {
      "endpoint": "getCONTRACTS_LOV1_0GetContracts2",
      "service": "icsEndpoint",
      "path": "response"
    },
    "@decorators.getCONTRACTSLOV1GetContracts2Response2": {
      "endpoint": "getCONTRACTS_LOV1_0GetContracts2",
      "service": "icsEndpoint",
      "path": "response"
    },
    "@decorators.getFscmRestApiResources1113185ProjectOrganizationsLOVResponse": {
      "endpoint": "getFscmRestApiResources11_13_18_05ProjectOrganizationsLOV",
      "service": "Saas_Summit",
      "path": "response"
    },
    "@decorators.getFscmRestApiResources1113185ProjectsLOV2Response": {
      "endpoint": "getFscmRestApiResources11_13_18_05ProjectsLOV2",
      "service": "Saas_Summit",
      "path": "response"
    },
    "@decorators.getFscmRestApiResources1113185ProjectsResponse": {
      "endpoint": "getFscmRestApiResources11_13_18_05Projects",
      "service": "Saas_Summit",
      "path": "response"
    },
    "@decorators.getFscmRestApiResources1113185ProjectsResponse2": {
      "endpoint": "getFscmRestApiResources11_13_18_05Projects",
      "service": "Saas_Summit",
      "path": "response"
    },
    "@decorators.getFscmRestApiResources1113185ValueSetsService20Type20SummitChildValuesResponse": {
      "endpoint": "getFscmRestApiResources11_13_18_05ValueSetsService20Type20SummitChildValues",
      "service": "Saas_Summit",
      "path": "response"
    },
    "@decorators.getPROJECTMANAGERLOV1_0GetProjectManagers2": {
      "endpoint": "getPROJECTMANAGERLOV1_0GetProjectManagers2",
      "service": "icsEndpoint",
      "path": "response"
    },
    "@decorators.getPROJECTMANAGERLOV1GetProjectManagers2Response": {
      "endpoint": "getPROJECTMANAGERLOV1_0GetProjectManagers2",
      "service": "icsEndpoint",
      "path": "response"
    },
    "@decorators.getPROJECTMANAGERLOV1GetProjectManagers2Response2": {
      "endpoint": "getPROJECTMANAGERLOV1_0GetProjectManagers2",
      "service": "icsEndpoint",
      "path": "response"
    },
    "@decorators.getPROJECTSLOV1GetProjectsLOVResponse": {
      "endpoint": "getPROJECTS_LOV1_0GetProjectsLOV",
      "service": "icsEndpoint",
      "path": "response"
    },
    "@decorators.getRETENTIONCONTRACT1ExtractRevenueAmounts2Response": {
      "endpoint": "getRETENTIONCONTRACT1_0ExtractRevenueAmounts2",
      "service": "icsEndpoint",
      "path": "response"
    },
    "contractSearchRecord": {
      "amountToBillThisPeriod": "number",
      "billingFreq": "string",
      "billingPortal": "string",
      "contractId": "string",
      "contractItem": "string",
      "contractLineId": "string",
      "contractNumber": "string",
      "contractTypeName": "string",
      "customer": "string",
      "customerContact": "string",
      "description": "string",
      "percentBilled": "number",
      "previouslyBilledAmount": "number",
      "projectNumber": "string",
      "retainageAmount": "number",
      "retainageBalance": "number",
      "retainageHeld": "number",
      "retentionPercentage": "number",
      "revisedContractAmount": "number",
      "totalAmountToBeBilled": "number",
      "totalBilled": "number",
      "totalBudgetedcosts": "number",
      "totalCommittedCosts": "number",
      "totalCostToDate": "number",
      "totalPreviouslyBilledAmount": "number",
      "totalRetainageBalance": "number",
      "totalRevisedContractAmount": "number"

    },
    "get11_13_18_05ProjectLaborResources": {
      "items": [
        {
          "Allocation": "number",
          "AssignmentStatus": "string",
          "AssignmentStatusCode": "string",
          "AssignmentType": "any",
          "AssignmentTypeCode": "any",
          "BillablePercent": "any",
          "BillablePercentReason": "any",
          "BillablePercentReasonCode": "any",
          "CalendarId": "number",
          "CreatedBy": "string",
          "CreationDate": "string",
          "DailyHours": "number",
          "DefaultStaffingOwnerFlag": "any",
          "Email": "string",
          "FridayHours": "any",
          "FromDate": "string",
          "LaborBillRate": "number",
          "LaborCostRate": "number",
          "LaborEffort": "number",
          "LastUpdateDate": "string",
          "LastUpdatedBy": "string",
          "links": [
            {
              "href": "string",
              "kind": "string",
              "name": "string",
              "properties": {
                "changeIndicator": "string"
              },
              "rel": "string"
            }
          ],
          "MondayHours": "any",
          "Name": "string",
          "ProjectCurrencyCode": "string",
          "ProjectId": "number",
          "ProjectName": "string",
          "ProjectNumber": "string",
          "ProjectResourceAssignmentId": "number",
          "ProjectRoleId": "number",
          "ProjectRoleName": "string",
          "ProjResourceId": "number",
          "Reason": "any",
          "ResourceId": "number",
          "SaturdayHours": "any",
          "ScheduleHoursType": "string",
          "SundayHours": "any",
          "ThursdayHours": "any",
          "ToDate": "string",
          "TuesdayHours": "any",
          "WednesdayHours": "any",
          "WeeklyHours": "any"
        }
      ]
    },
    "get1113185Contracts2Response": {
      "items": [
        {
          "Cognomen": "string",
          "ContractClass": "string"
        }
      ]
    },
    "get1113185ProjectLaborResourcesResponse": {
      "items": [
        {
          "Name": "string",
          "ProjectId": "number"
        }
      ]
    },
    "get1113185ProjectOrganizationsLOVResponse": {
      "items": [
        {
          "ActiveStatusFlag": "boolean",
          "BusinessUnitId": "number",
          "FromDate": "string",
          "OrganizationId": "number",
          "OrganizationName": "string",
          "ProjectOrganizationType": "string",
          "ToDate": "string"
        }
      ]
    },
    "get1113185ProjectsResponse": {
      "items": [
        {
          "ProjectId": "number",
          "ProjectManagerName": "string"
        }
      ]
    },
    "getallRetentionContractsResponse": {
      "items": [
        {
          "contractLineNumber": "string",
          "contractNumber": "string",
          "id": "number",
          "materialsStored": "number",
          "projectNumber": "string",
          "retainageAmount": "number",
          "retention": "string",
          "retentionPercentage": "number",
          "totalCompletedAndStored": "number",
          "workCompleted": "number"
        }
      ]
    },
    "getCOMSUMMITSUMMITALLCONTRACTLINESLOVSUMMIT1GetContractLines2Response": [
      {
        "lineId": "number",
        "lineNumber": "string"
      }
    ],
    "getCOMSUMMITSUMMITALLCONTRACTSLOVSUMMIT1GetContractsResponse": {
      "items": [
        {
          "contractId": "number",
          "contractNumber": "string"
        }
      ]
    },
    "getCOMSUMMITSUMMITALLPROJECTMANAGERLOSUMMIT1GetProjectManagers2Response": {
      "items": [
        {
          "managerName": "string",
          "resourceId": "number"
        }
      ]
    },
    "getCONTRACTSEARCH1ExtractContractSearchDetails2Response": {
      "retValues": [
        {
          "amountToBillThisPeriod": "number",
          "contractId": "string",
          "contractItem": "string",
          "contractLineId": "string",
          "contractNumber": "string",
          "description": "string",
          "percentBilled": "number",
          "previouslyBilledAmount": "number",
          "retainageAmount": "number",
          "retainageBalance": "number",
          "retainageHeld": "number",
          "retentionPercentage": "number",
          "revisedContractAmount": "number",
          "totalBilled": "number"
        }
      ]
    },
    "getCONTRACTSLINESLOV1GetContractLinesResponse": [
      {
        "lineId": "number",
        "lineNumber": "string"
      }
    ],
    "getCONTRACTSLINESLOV1GetContractLinesResponse2": [
      {
        "lineNumber": "string"
      }
    ],
    "getCONTRACTSLINESLOV1GetContractLinesResponse3": [
      {
        "lineId": "number",
        "lineNumber": "string"
      }
    ],
    "getCONTRACTSLINESLOV1GetContractLinesResponse4": [
      {
        "lineId": "number",
        "lineNumber": "string"
      }
    ],
    "getCONTRACTSLINESLOV1GetContractLinesResponse5": [
      {
        "lineId": "number",
        "lineNumber": "string"
      }
    ],
    "getCONTRACTSLOV1GetContracts2Response": [
      {
        "contractId": "number",
        "contractNumber": "string"
      }
    ],
    "getCONTRACTSLOV1GetContracts2Response2": {
      "items": [
        {
          "contractId": "number",
          "contractNumber": "string"
        }
      ]
    },
    "getFscmRestApiResources1113185ProjectOrganizationsLOVResponse": {
      "items": [
        {
          "OrganizationId": "number",
          "OrganizationName": "string"
        }
      ]
    },
    "getFscmRestApiResources1113185ProjectsLOV2Response": {
      "items": [
        {
          "ProjectId": "number",
          "ProjectName": "string",
          "ProjectNumber": "string"
        }
      ]
    },
    "getFscmRestApiResources1113185ProjectsResponse": {
      "items": [
        {
          "ProjectId": "number",
          "ProjectNumber": "string"
        }
      ]
    },
    "getFscmRestApiResources1113185ProjectsResponse2": {
      "items": [
        {
          "ProjectId": "number",
          "ProjectName": "string",
          "ProjectNumber": "string"
        }
      ]
    },
    "getFscmRestApiResources1113185ValueSetsService20Type20SummitChildValuesResponse": {
      "items": [
        {
          "Value": "string",
          "ValueId": "number"
        }
      ]
    },
    "getPROJECTMANAGERLOV1_0GetProjectManagers2": {
      "count": "number",
      "items": [
        {
          "managerName": "string",
          "resourceId": "number"
        }
      ]
    },
    "getPROJECTMANAGERLOV1GetProjectManagers2Response": {
      "items": [
        {
          "managerName": "string",
          "resourceId": "number"
        }
      ]
    },
    "getPROJECTMANAGERLOV1GetProjectManagers2Response2": {
      "items": [
        {
          "managerName": "string",
          "resourceId": "number"
        }
      ]
    },
    "getPROJECTSLOV1GetProjectsLOVResponse": [
      {
        "project_id": "number",
        "project_number": "string"
      }
    ],
    "getRETENTIONCONTRACT1ExtractRevenueAmounts2Response": [
      {
        "contractNumber": "string",
        "lineNumber": "string",
        "materialsStored": "string",
        "projectNumber": "string",
        "retainageAmount": "string",
        "retentionPercentage": "string",
        "totalCompleted": "string",
        "workCompleted": "string"
      }
    ],
    "payload": "object",
    "RetContract": {
      "contractNumber": "string",
      "lineNumber": "string",
      "materialsStored": "string",
      "projectNumber": "string",
      "retainageAmount": "string",
      "retentionPercentage": "string",
      "totalCompleted": "string",
      "workCompleted": "string"
    }

  },
  "eventListeners": {
    "buttonAction": {
      "chains": [
        {
          "chain": "ButtonActionChain"
        }
      ]
    },
    "buttonAction10": {
      "chains": [
        {
          "chain": "ButtonActionChain10"
        }
      ]
    },
    "buttonAction2": {
      "chains": [
        {
          "chain": "ButtonActionChain1"
        }
      ]
    },
    "buttonAction3": {
      "chains": [
        {
          "chain": "ButtonActionChain2"
        }
      ]
    },
    "buttonAction4": {
      "chains": [
        {
          "chain": "ButtonActionChain3"
        }
      ]
    },
    "buttonAction5": {
      "chains": [
        {
          "chain": "ButtonActionChain4"
        }
      ]
    },
    "buttonAction6": {
      "chains": [
        {
          "chain": "ButtonActionChain7"
        }
      ]
    },
    "buttonAction7": {
      "chains": [
        {
          "chain": "ButtonActionChain6"
        }
      ]
    },
    "buttonAction8": {
      "chains": [
        {
          "chain": "ButtonActionChain8"
        }
      ]
    },
    "buttonAction9": {
      "chains": [
        {
          "chain": "ButtonActionChain9"
        }
      ]
    },
    "iconClick": {
      "chains": [
        {
          "chain": "IconClickChain",
          "parameters": {
            "key": "{{ $current.key }}",
            "index": "{{ $current.index }}",
            "current": "{{ $current }}"
          }
        }
      ]
    },
    "inputNumberValue": {
      "chains": [
        {
          "chain": "InputNumberValueChangeChain",
          "parameters": {
            "value": "{{ $event.detail.value }}"
          }
        }
      ]
    },
    "inputNumberValue2": {
      "chains": [
        {
          "chain": "InputNumberValueChangeChain5",
          "parameters": {
            "value": "{{ $event.detail.value }}",
            "key": "{{ $current.key }}",
            "index": "{{ $current.index }}",
            "current": "{{ $current }}"
          }
        }
      ]
    },
    "inputNumberValue3": {
      "chains": [
        {
          "chain": "InputNumberValueChangeChain2",
          "parameters": {
            "value": "{{ $event.detail.value }}",
            "key": "{{ $current.key }}",
            "index": "{{ $current.index }}",
            "current": "{{ $current }}"
          }
        }
      ]
    },
    "inputNumberValue4": {
      "chains": [
        {
          "chain": "InputNumberValueChangeChain3",
          "parameters": {
            "value": "{{ $event.detail.value }}",
            "key": "{{ $current.key }}",
            "index": "{{ $current.index }}",
            "current": "{{ $current }}"
          }
        }
      ]
    },
    "inputTextValue2": {
      "chains": [
        {
          "chain": "InputTextValueChangeChain1",
          "parameters": {
            "value": "{{ $event.detail.value }}"
          }
        }
      ]
    },
    "liClick": {
      "chains": [
        {
          "chain": "liClickChain1"
        }
      ]
    },
    "liClick2": {
      "chains": [
        {
          "chain": "liClickChain3"
        }
      ]
    },
    "liClick3": {
      "chains": [
        {
          "chain": "liClickChain6"
        }
      ]
    },
    "selectValueItem": {
      "chains": [
        {
          "chain": "SelectValueItemChangeChain",
          "parameters": {
            "key": "{{$event.detail.value.key}}",
            "data": "{{$event.detail.value.data}}",
            "metadata": "{{$event.detail.value.metadata}}"
          }
        }
      ]
    },
    "selectValueItem2": {
      "chains": [
        {
          "chain": "SelectValueItemChangeChain5",
          "parameters": {
            "key": "{{$event.detail.value.key}}",
            "data": "{{$event.detail.value.data}}",
            "metadata": "{{$event.detail.value.metadata}}"
          }
        }
      ]
    },
    "selectValueItem3": {
      "chains": [
        {
          "chain": "SelectValueItemChangeChain2",
          "parameters": {
            "key": "{{$event.detail.value.key}}",
            "data": "{{$event.detail.value.data}}",
            "metadata": "{{$event.detail.value.metadata}}"
          }
        }
      ]
    },
    "selectValueItem4": {
      "chains": [
        {
          "chain": "SelectValueItemChangeChain3",
          "parameters": {
            "key": "{{$event.detail.value.key}}",
            "data": "{{$event.detail.value.data}}",
            "metadata": "{{$event.detail.value.metadata}}"
          }
        }
      ]
    },
    "selectValueItem5": {
      "chains": [
        {
          "chain": "SelectValueItemChangeChain4",
          "parameters": {
            "key": "{{$event.detail.value.key}}",
            "data": "{{$event.detail.value.data}}",
            "metadata": "{{$event.detail.value.metadata}}"
          }
        }
      ]
    },
    "ulClick": {
      "chains": [
        {
          "chain": "ulClickChain"
        }
      ]
    },
    "vbEnter": {
      "chains": [
        {
          "chain": "PageVbEnterChain1"
        }
      ]
    },
    "retConFirstSelectedRow": {
      "chains": [
        {
          "chain": "TableFirstSelectedRowChangeChain",
          "parameters": {
            "rowKey": "{{$event.detail.value.key}}",
            "rowData": "{{$event.detail.value.data}}"
          }
        }
      ]
    }

  },
  "imports": {
    "components": {
      "oj-button": {
        "path": "ojs/ojbutton"
      },
      "oj-dialog": {
        "path": "ojs/ojdialog"
      },
      "oj-drawer-layout": {
        "path": "ojs/ojdrawerlayout"
      },
      "oj-drawer-popup": {
        "path": "ojs/ojdrawerpopup"
      },
      "oj-form-layout": {
        "path": "ojs/ojformlayout"
      },
      "oj-input-date": {
        "path": "ojs/ojdatetimepicker"
      },
      "oj-input-number": {
        "path": "ojs/ojinputnumber"
      },
      "oj-input-text": {
        "path": "ojs/ojinputtext"
      },
      "oj-label": {
        "path": "ojs/ojlabel"
      },
      "oj-navigation-list": {
        "path": "ojs/ojnavigationlist"
      },
      "oj-progress-bar": {
        "path": "ojs/ojprogress-bar"
      },
      "oj-select-single": {
        "path": "ojs/ojselectsingle"
      },
      "oj-table": {
        "path": "ojs/ojtable"
      },
      "oj-toolbar": {
        "path": "ojs/ojtoolbar"
      }

   },
    "modules": {
      "ojValidationNumber": {
        "path": "ojs/ojvalidation-number"
      }
    }
  },
  "security": {
    "access": {
      "requiresAuthentication": false
    }
  },
  "templates": {
  }
}