{
    "items": [
        {
            "task_id": 100002471920509,
            "task_number": "2.1",
            "task_name": "Permits and Purchases"
        }
    ],
    "hasMore": false,
    "limit": 25,
    "offset": 0,
    "count": 1,
    "links": [
        {
            "rel": "self",
            "href": "http://129.158.228.138:8080/ords/timerite/timerite/tasks?project_number=RS-999"
        },
        {
            "rel": "describedby",
            "href": "http://129.158.228.138:8080/ords/timerite/metadata-catalog/timerite/item"
        },
        {
            "rel": "first",
            "href": "http://129.158.228.138:8080/ords/timerite/timerite/tasks?project_number=RS-999"
        }
    ]
}