{
"week_start_day":"",
"week_end_day":"",
"no_of_days":"",
"equipment_module":"",
"material_usage":"",
"ot_threshold_measure":"",
"ot_threshold_limit":"",
"billing_frequency":"",
"client_erp_system":"",
"effective_start_date":"",
"effective_end_date":"",
"ot_allowed":"",
"time_card_apr_req_flag":"",
"timecard_collation":"",
"timecard_balancing":"",
"active_flag":"",
"client_ers_enabled":"",
"per_diem":"",
"bonus":"",
"safety_bonus":"",
"last_updated_by":"",
"last_update_date":"",
"customer_number":""
}