{
    "items": [
        {
            "resourceId": 300000015033835,
            "managerName": "Vinod Kumar"
        },
        {
            "resourceId": 300000023675332,
            "managerName": "Nathan Whipple"
        },
        {
            "resourceId": 300000023683095,
            "managerName": "Kyle Howard"
        },
        {
            "resourceId": 300000023684232,
            "managerName": "William Roberts"
        },
        {
            "resourceId": 300000023684880,
            "managerName": "William Woodfin"
        },
        {
            "resourceId": 300000023689731,
            "managerName": "Craig Shapiro"
        },
        {
            "resourceId": 300000023693665,
            "managerName": "Timothy Rogers"
        },
        {
            "resourceId": 300000023676439,
            "managerName": "Brandon Johnson"
        },
        {
            "resourceId": 300000023676617,
            "managerName": "(Dustin) Dustin Wiles"
        },
        {
            "resourceId": 300000023678930,
            "managerName": "(Jim) James Galloway"
        },
        {
            "resourceId": 300000023679558,
            "managerName": "Jonathan Smith"
        },
        {
            "resourceId": 300000023680917,
            "managerName": "(DEAN) Jeffery Burnham"
        },
        {
            "resourceId": 300000023681968,
            "managerName": "(DOUG) Douglas Warner"
        },
        {
            "resourceId": 300000023682939,
            "managerName": "Tom Quintino"
        },
        {
            "resourceId": 300000023641332,
            "managerName": "Troy Gouveia"
        },
        {
            "resourceId": 300000023662403,
            "managerName": "Louis Perkins"
        },
        {
            "resourceId": 300000023663203,
            "managerName": "Miguel Thomas"
        },
        {
            "resourceId": 300000023727313,
            "managerName": "Anthony Corletto"
        },
        {
            "resourceId": 300000023736208,
            "managerName": "Susan Sherwin"
        },
        {
            "resourceId": 300000023736435,
            "managerName": "Nino Capozzoli"
        },
        {
            "resourceId": 300000025967568,
            "managerName": "Vincent Edwards"
        },
        {
            "resourceId": 300000025967594,
            "managerName": "Troy Hazzard"
        },
        {
            "resourceId": 300000023704150,
            "managerName": "Tarra Nichols"
        },
        {
            "resourceId": 300000023706446,
            "managerName": "Robert Wright"
        },
        {
            "resourceId": 300000023709932,
            "managerName": "(Tony) Bruce Pearce"
        },
        {
            "resourceId": 300000023669173,
            "managerName": "Rickey Parker"
        },
        {
            "resourceId": 300000023670211,
            "managerName": "Ernest Barber"
        },
        {
            "resourceId": 300000023730961,
            "managerName": "David Yunger"
        },
        {
            "resourceId": 300000023686564,
            "managerName": "Brock Eppinger"
        },
        {
            "resourceId": 300000023665756,
            "managerName": "Jason Williams"
        },
        {
            "resourceId": 300000023690990,
            "managerName": "(Jeff) Jeff Jones"
        },
        {
            "resourceId": 300000023724321,
            "managerName": "Joshua Scoville"
        },
        {
            "resourceId": 300000031070916,
            "managerName": "Kjell Nygaard"
        },
        {
            "resourceId": 300000023676570,
            "managerName": "(Tom) Tommy Ward"
        },
        {
            "resourceId": 300000023708373,
            "managerName": "Matthew Horn"
        },
        {
            "resourceId": 300000023676358,
            "managerName": "(Nate) Daniel Mayo"
        },
        {
            "resourceId": 300000031570176,
            "managerName": "Vankayala"
        },
        {
            "resourceId": 300000023706394,
            "managerName": "David Lassig"
        },
        {
            "resourceId": 300000023676698,
            "managerName": "Christopher Cottrell"
        },
        {
            "resourceId": 300000023735360,
            "managerName": "(Mike) Michael Stout"
        },
        {
            "resourceId": 300000023701283,
            "managerName": "(DOUG) Douglas Crawford"
        },
        {
            "resourceId": 300000023675369,
            "managerName": "Robert Larkin"
        },
        {
            "resourceId": 300000023685225,
            "managerName": "Matthew Collins"
        },
        {
            "resourceId": 300000023691103,
            "managerName": "(Gerald) James Page"
        },
        {
            "resourceId": 300000023680650,
            "managerName": "Shane Cervantez"
        },
        {
            "resourceId": 300000023681795,
            "managerName": "(John) Johnathan Lindsey"
        },
        {
            "resourceId": 300000023682231,
            "managerName": "William Ford"
        },
        {
            "resourceId": 300000023641356,
            "managerName": "Scott Shaffner"
        },
        {
            "resourceId": 300000023663941,
            "managerName": "Rich King"
        },
        {
            "resourceId": 300000023712442,
            "managerName": "(Beto) Alberto Armendariz"
        },
        {
            "resourceId": 300000023716100,
            "managerName": "Michael Rice"
        },
        {
            "resourceId": 300000023717093,
            "managerName": "(JT) John Taylor"
        },
        {
            "resourceId": 300000023721248,
            "managerName": "Jeff Miltenberger"
        },
        {
            "resourceId": 300000025797996,
            "managerName": "Randy Hunter"
        },
        {
            "resourceId": 300000025798528,
            "managerName": "Bryan Lewallen"
        },
        {
            "resourceId": 300000023715861,
            "managerName": "(TJ) Timothy Andricopoulos"
        },
        {
            "resourceId": 300000023715978,
            "managerName": "Patrick Masterson"
        },
        {
            "resourceId": 300000023693637,
            "managerName": "David Zanato"
        },
        {
            "resourceId": 300000023676495,
            "managerName": "Rusty Huber"
        },
        {
            "resourceId": 300000023641304,
            "managerName": "(Chris) Christopher Walter"
        },
        {
            "resourceId": 300000023665875,
            "managerName": "Charles Moretz"
        },
        {
            "resourceId": 300000023726651,
            "managerName": "Calvin Green"
        },
        {
            "resourceId": 300000023669199,
            "managerName": "Joseph Burford"
        },
        {
            "resourceId": 300000023722423,
            "managerName": "Dean Hankinson"
        },
        {
            "resourceId": 300000023727532,
            "managerName": "Jeffrey Parker"
        },
        {
            "resourceId": 300000023734336,
            "managerName": "James Coggin"
        },
        {
            "resourceId": 300000023669369,
            "managerName": "(Matt) William Bruce"
        },
        {
            "resourceId": 300000023669474,
            "managerName": "Eric Brown"
        },
        {
            "resourceId": 300000023676467,
            "managerName": "(Sonny) William Bridges"
        },
        {
            "resourceId": 300000023679321,
            "managerName": "Caylum Luper"
        },
        {
            "resourceId": 300000023641272,
            "managerName": "Tad Wikstrom"
        },
        {
            "resourceId": 300000023662903,
            "managerName": "Robert Heigl III"
        },
        {
            "resourceId": 300000023665999,
            "managerName": "Robert Irving"
        },
        {
            "resourceId": 300000023668222,
            "managerName": "Philip Jones"
        },
        {
            "resourceId": 300000023719036,
            "managerName": "(James) James Kaiser"
        },
        {
            "resourceId": 300000023726117,
            "managerName": "Jason Dubose"
        },
        {
            "resourceId": 300000023731029,
            "managerName": "(Jeff) Jeffrey Yi"
        },
        {
            "resourceId": 300000023734004,
            "managerName": "Mihailo Dakic"
        },
        {
            "resourceId": 300000023735388,
            "managerName": "Shannon White"
        },
        {
            "resourceId": 300000024882828,
            "managerName": "Allen Johnson"
        },
        {
            "resourceId": 300000023703089,
            "managerName": "Mark Eisenhauer"
        },
        {
            "resourceId": 300000023704755,
            "managerName": "Casey Doty"
        },
        {
            "resourceId": 300000023672174,
            "managerName": "Dale Maxfield"
        },
        {
            "resourceId": 300000023691018,
            "managerName": "Lucas Eureka"
        },
        {
            "resourceId": 300000023696824,
            "managerName": "Darrell Heller"
        },
        {
            "resourceId": 300000023663737,
            "managerName": "Jeramie Erwin"
        },
        {
            "resourceId": 300000023667731,
            "managerName": "Justin Dunkley"
        },
        {
            "resourceId": 300000023716533,
            "managerName": "(DAN) Daniel McGinnis"
        },
        {
            "resourceId": 300000023735280,
            "managerName": "Ryan Lambert"
        },
        {
            "resourceId": 300000023706734,
            "managerName": "Scott Haynes"
        },
        {
            "resourceId": 300000023676523,
            "managerName": "Todd Hall"
        },
        {
            "resourceId": 300000023714981,
            "managerName": "(Chris) Thomas Phelps"
        },
        {
            "resourceId": 300000023700595,
            "managerName": "(Mike) Michael Dodge"
        },
        {
            "resourceId": 300000023670162,
            "managerName": "Kevin Flowers"
        },
        {
            "resourceId": 300000023690969,
            "managerName": "Kevin Priestly"
        },
        {
            "resourceId": 300000023669446,
            "managerName": "(Ray) Willard Byrd"
        },
        {
            "resourceId": 300000023682778,
            "managerName": "Bethany Robinson"
        },
        {
            "resourceId": 300000025969506,
            "managerName": "Brian Blevins"
        },
        {
            "resourceId": 300000023682741,
            "managerName": "Joseph Ott"
        },
        {
            "resourceId": 300000023726285,
            "managerName": "(Brooks) Galen Tolar"
        },
        {
            "resourceId": 300000023669227,
            "managerName": "Daniel McDuffee"
        },
        {
            "resourceId": 300000023670274,
            "managerName": "Glenn Brown"
        },
        {
            "resourceId": 300000023671146,
            "managerName": "Travis Mills"
        },
        {
            "resourceId": 300000023675567,
            "managerName": "Justin Frazier"
        },
        {
            "resourceId": 300000023693769,
            "managerName": "Troy Karnes"
        },
        {
            "resourceId": 300000023680395,
            "managerName": "(Joe) Joseph Burtell"
        },
        {
            "resourceId": 300000023681297,
            "managerName": "(Steve) Steven Trentman"
        },
        {
            "resourceId": 300000023681878,
            "managerName": "Shelly Schuyler"
        },
        {
            "resourceId": 300000023641300,
            "managerName": "Larry Gifford"
        },
        {
            "resourceId": 300000023663580,
            "managerName": "(Alan) Jeramie Alan Erwin"
        },
        {
            "resourceId": 300000023665613,
            "managerName": "Brandon Merritt"
        },
        {
            "resourceId": 300000023667759,
            "managerName": "Jonathan Stebila"
        },
        {
            "resourceId": 300000023667863,
            "managerName": "(Rebekah) Rebekah Ascenzi"
        },
        {
            "resourceId": 300000023711390,
            "managerName": "Bryan Bundrant"
        },
        {
            "resourceId": 300000023715072,
            "managerName": "Travis Luper"
        },
        {
            "resourceId": 300000023720084,
            "managerName": "Bryan Patton"
        },
        {
            "resourceId": 300000023726485,
            "managerName": "(Gil) Gilbert Jarman"
        },
        {
            "resourceId": 300000023730987,
            "managerName": "(Nick) Nicolo Sciortino"
        },
        {
            "resourceId": 300000023731066,
            "managerName": "Savanna Woodman"
        },
        {
            "resourceId": 300000023735308,
            "managerName": "Heather Drew"
        },
        {
            "resourceId": 300000023705633,
            "managerName": "(Bud) Charles Parham"
        },
        {
            "resourceId": 300000023692335,
            "managerName": "Jessie Shepherd"
        },
        {
            "resourceId": 300000023719567,
            "managerName": "Chad Quibodeaux"
        },
        {
            "resourceId": 300000023725817,
            "managerName": "Vaughn Brizendine"
        },
        {
            "resourceId": 300000023731133,
            "managerName": "(Steve) Steven Sparkman"
        },
        {
            "resourceId": 300000026735676,
            "managerName": "Brian Kent"
        },
        {
            "resourceId": 300000023705495,
            "managerName": "Roscoe Hinton"
        },
        {
            "resourceId": 300000023693793,
            "managerName": "Jayson Heuton"
        },
        {
            "resourceId": 300000023700467,
            "managerName": "(Joe) Joseph Spinler"
        },
        {
            "resourceId": 300000023700495,
            "managerName": "Michael Milton"
        },
        {
            "resourceId": 300000023681972,
            "managerName": "Lee Sapp"
        },
        {
            "resourceId": 300000023687813,
            "managerName": "David Allen"
        },
        {
            "resourceId": 300000025968032,
            "managerName": "Matthew Tedeschi"
        },
        {
            "resourceId": 300000023693822,
            "managerName": "(Luke) Larry Swain"
        },
        {
            "resourceId": 300000023662870,
            "managerName": "Arnold Leebrick"
        },
        {
            "resourceId": 300000023692833,
            "managerName": "Daniel Buchanan"
        },
        {
            "resourceId": 300000023694059,
            "managerName": "(Rudy) Rudolph Buenteo"
        },
        {
            "resourceId": 300000023676413,
            "managerName": "(C.R.) Clarence White"
        },
        {
            "resourceId": 300000023678956,
            "managerName": "(Walt) Hershal Thompson III"
        },
        {
            "resourceId": 300000023682082,
            "managerName": "(Marty) Joseph Brasher"
        },
        {
            "resourceId": 300000023682129,
            "managerName": "Christopher Caruthers"
        },
        {
            "resourceId": 300000023666068,
            "managerName": "Asa Morgan"
        },
        {
            "resourceId": 300000023716072,
            "managerName": "Coriolan Cioba"
        },
        {
            "resourceId": 300000023735252,
            "managerName": "Daniel Mapus"
        },
        {
            "resourceId": 300000023736463,
            "managerName": "(Joey) Joseph Arroyo"
        },
        {
            "resourceId": 300000025176533,
            "managerName": "Taiwan Muhammad"
        },
        {
            "resourceId": 300000024203768,
            "managerName": "Steve O'Hearn"
        },
        {
            "resourceId": 300000025969447,
            "managerName": "Frank Brutski"
        },
        {
            "resourceId": 300000029829313,
            "managerName": "Scot Hopkins"
        },
        {
            "resourceId": 300000023705336,
            "managerName": "Joseph Kosar"
        },
        {
            "resourceId": 300000023706390,
            "managerName": "Kirk Lassig"
        },
        {
            "resourceId": 300000023706944,
            "managerName": "Vito Gardella"
        },
        {
            "resourceId": 300000023692766,
            "managerName": "Scotty Kelley"
        },
        {
            "resourceId": 300000023730613,
            "managerName": "(Matt) Hunter Green"
        },
        {
            "resourceId": 300000023702094,
            "managerName": "Timothy Rodgers"
        },
        {
            "resourceId": 300000023670397,
            "managerName": "(Randy) Randall Perry"
        },
        {
            "resourceId": 300000023686630,
            "managerName": "Jamie Hager"
        },
        {
            "resourceId": 300000023679155,
            "managerName": "(Matthew) Matthew Rinehart"
        },
        {
            "resourceId": 300000023715588,
            "managerName": "Cameron Smith"
        },
        {
            "resourceId": 300000023737492,
            "managerName": "Thomas Lion"
        },
        {
            "resourceId": 300000023685026,
            "managerName": "Daryle Daugherty"
        },
        {
            "resourceId": 300000023669149,
            "managerName": "Jason Evinsky"
        },
        {
            "resourceId": 300000023715620,
            "managerName": "Todd Kenyon"
        },
        {
            "resourceId": 300000023724558,
            "managerName": "(Seth) Joseph Cline"
        },
        {
            "resourceId": 300000023683010,
            "managerName": "(Ryan) Ryan Jones"
        },
        {
            "resourceId": 300000023692837,
            "managerName": "Andrew Whitaker"
        },
        {
            "resourceId": 300000023682319,
            "managerName": "Donald Rees"
        },
        {
            "resourceId": 300000023721068,
            "managerName": "(Bill) Bill Orange"
        },
        {
            "resourceId": 300000023702916,
            "managerName": "(Cory) Jonathan Steele"
        },
        {
            "resourceId": 300000023669844,
            "managerName": "Caton Gullick"
        },
        {
            "resourceId": 300000023673010,
            "managerName": "Derek Gardiner"
        },
        {
            "resourceId": 300000023675283,
            "managerName": "(Josh) Josh Wilken"
        },
        {
            "resourceId": 300000023683126,
            "managerName": "Terrence Bennett"
        },
        {
            "resourceId": 300000023693301,
            "managerName": "Taylor Mathewson"
        },
        {
            "resourceId": 300000023693797,
            "managerName": "David Englert"
        },
        {
            "resourceId": 300000023679662,
            "managerName": "Brady Wagner"
        },
        {
            "resourceId": 300000023680387,
            "managerName": "(Derek) Jonathan Carey"
        },
        {
            "resourceId": 300000023663232,
            "managerName": "Robert Cleckler"
        },
        {
            "resourceId": 300000023665732,
            "managerName": "Steven Woosley"
        },
        {
            "resourceId": 300000023669030,
            "managerName": "Harold Boone"
        },
        {
            "resourceId": 300000023711314,
            "managerName": "(Alex) Alex Paz"
        },
        {
            "resourceId": 300000023711479,
            "managerName": "(Josh) Andrew Peters"
        },
        {
            "resourceId": 300000023714014,
            "managerName": "Joe Johnson"
        },
        {
            "resourceId": 300000023721676,
            "managerName": "Robert Reilly"
        },
        {
            "resourceId": 300000023704632,
            "managerName": "Matthew Doty"
        },
        {
            "resourceId": 300000023706515,
            "managerName": "(Andy) Anders Nielsen"
        },
        {
            "resourceId": 300000023711218,
            "managerName": "(Steve) Stephen Scyrkels"
        },
        {
            "resourceId": 300000023736704,
            "managerName": "Jason Oliver"
        },
        {
            "resourceId": 300000023734927,
            "managerName": "Robert Taylor"
        },
        {
            "resourceId": 300000025967204,
            "managerName": "Ashley Eder"
        },
        {
            "resourceId": 300000023727285,
            "managerName": "Kyle Oates"
        },
        {
            "resourceId": 300000023680391,
            "managerName": "Brian Hoerner"
        },
        {
            "resourceId": 300000023662241,
            "managerName": "Sara Salcedo"
        },
        {
            "resourceId": 300000023701991,
            "managerName": "Anthony Dellatorre"
        },
        {
            "resourceId": 300000023671122,
            "managerName": "(Chris) Christopher Cassady"
        },
        {
            "resourceId": 300000023675311,
            "managerName": "Eric Glover"
        },
        {
            "resourceId": 300000023684201,
            "managerName": "(Jason) Jason Heroux"
        },
        {
            "resourceId": 300000023684373,
            "managerName": "Christian Dwyer"
        },
        {
            "resourceId": 300000023689684,
            "managerName": "Michelle Hankinson"
        },
        {
            "resourceId": 300000023682038,
            "managerName": "Eric Fiducia"
        },
        {
            "resourceId": 300000023662899,
            "managerName": "Shane Brackett"
        },
        {
            "resourceId": 300000023663260,
            "managerName": "Michael Holder"
        },
        {
            "resourceId": 300000023663799,
            "managerName": "(Russell) Russell Johnston"
        },
        {
            "resourceId": 300000023663988,
            "managerName": "Steven Sears"
        },
        {
            "resourceId": 300000023667020,
            "managerName": "Stephen Appelt"
        },
        {
            "resourceId": 300000023715616,
            "managerName": "Michael Musial"
        },
        {
            "resourceId": 300000023720037,
            "managerName": "Alan Reichl"
        },
        {
            "resourceId": 300000023733387,
            "managerName": "(Jason) Jason Ingemanson"
        },
        {
            "resourceId": 300000023736132,
            "managerName": "Robert Arnold"
        },
        {
            "resourceId": 300000023703190,
            "managerName": "Franklyn Richey"
        },
        {
            "resourceId": 300000023704226,
            "managerName": "Evan Galati"
        },
        {
            "resourceId": 300000023679297,
            "managerName": "(Justin) Justin Biggs"
        },
        {
            "resourceId": 300000023681705,
            "managerName": "Brent Cutlip"
        },
        {
            "resourceId": 300000023681925,
            "managerName": "Erik Saa"
        },
        {
            "resourceId": 300000023719501,
            "managerName": "Brian Delcambre"
        },
        {
            "resourceId": 300000023701967,
            "managerName": "Randy Brasher"
        },
        {
            "resourceId": 300000023690414,
            "managerName": "Milca Colon"
        },
        {
            "resourceId": 300000023662147,
            "managerName": "(Michael) Michael Larson"
        },
        {
            "resourceId": 300000023662488,
            "managerName": "(Rick) Rick Green"
        },
        {
            "resourceId": 300000023730165,
            "managerName": "Carl Pistor"
        },
        {
            "resourceId": 300000023701905,
            "managerName": "(Matt) Matthew Manahane"
        },
        {
            "resourceId": 300000023702721,
            "managerName": "Collin Boone"
        },
        {
            "resourceId": 300000023709203,
            "managerName": "Adrian Blanco"
        },
        {
            "resourceId": 300000023676247,
            "managerName": "Jamie Price"
        },
        {
            "resourceId": 300000023681209,
            "managerName": "Jimmy Moore"
        },
        {
            "resourceId": 300000023668702,
            "managerName": "Jerry Futreal"
        },
        {
            "resourceId": 300000023727489,
            "managerName": "(Roy) Roy McMinn"
        },
        {
            "resourceId": 300000023682967,
            "managerName": "Douglas Travis"
        },
        {
            "resourceId": 300000023714058,
            "managerName": "(Robert) Robert Grubb"
        },
        {
            "resourceId": 300000023729002,
            "managerName": "(Angel) Angel Rivera"
        },
        {
            "resourceId": 300000023733359,
            "managerName": "Neil Cooper"
        },
        {
            "resourceId": 300000023670558,
            "managerName": "Jason Orr"
        },
        {
            "resourceId": 300000023672661,
            "managerName": "Jason Steinberg"
        },
        {
            "resourceId": 300000023691493,
            "managerName": "David Sullivan"
        },
        {
            "resourceId": 300000023679073,
            "managerName": "Jimmy Moak Jr."
        },
        {
            "resourceId": 300000023680086,
            "managerName": "(Adrian) Adrian Ramirez"
        },
        {
            "resourceId": 300000023680896,
            "managerName": "Scott Gusler"
        },
        {
            "resourceId": 300000023663495,
            "managerName": "Randolph Evans"
        },
        {
            "resourceId": 300000023714385,
            "managerName": "Stacy Ramm"
        },
        {
            "resourceId": 300000023717089,
            "managerName": "(LARRY) Laurence Somers"
        },
        {
            "resourceId": 300000023719614,
            "managerName": "Byron Perry"
        },
        {
            "resourceId": 300000023729291,
            "managerName": "Gregory Jones"
        },
        {
            "resourceId": 300000023730983,
            "managerName": "Katie Noland"
        },
        {
            "resourceId": 300000023735929,
            "managerName": "(Chris) Chris Beach"
        },
        {
            "resourceId": 300000023736350,
            "managerName": "(ZACH) Robert Buehler"
        },
        {
            "resourceId": 300000023706475,
            "managerName": "(Brad) Bradley Wolvington"
        },
        {
            "resourceId": 300000023706697,
            "managerName": "Edward Kitchen"
        },
        {
            "resourceId": 300000023706860,
            "managerName": "James Baldwin"
        },
        {
            "resourceId": 300000023710451,
            "managerName": "Neal Mattke"
        },
        {
            "resourceId": 300000023670207,
            "managerName": "James Martin"
        },
        {
            "resourceId": 300000023670605,
            "managerName": "(Randy) Randy Blankenship"
        },
        {
            "resourceId": 300000023673438,
            "managerName": "Ryan Tchan"
        },
        {
            "resourceId": 300000023674858,
            "managerName": "(Chase) Clinton Martin"
        },
        {
            "resourceId": 300000023690731,
            "managerName": "Cody Walden"
        },
        {
            "resourceId": 300000023662835,
            "managerName": "Megan Noblett"
        },
        {
            "resourceId": 300000023670922,
            "managerName": "Shawn Van Kleeck"
        },
        {
            "resourceId": 300000023681240,
            "managerName": "(Phil) Phillip Drebing"
        },
        {
            "resourceId": 300000023682153,
            "managerName": "Patrick Akers"
        },
        {
            "resourceId": 300000023662213,
            "managerName": "Reggie McGhee"
        },
        {
            "resourceId": 300000023729213,
            "managerName": "Albert Bynum"
        },
        {
            "resourceId": 300000025986281,
            "managerName": "Jeffrey Haddock"
        },
        {
            "resourceId": 300000023711414,
            "managerName": "Kevin Hannigan"
        },
        {
            "resourceId": 300000023709749,
            "managerName": "(Chris) Christopher Revis"
        },
        {
            "resourceId": 300000023716044,
            "managerName": "Kip Brandel"
        },
        {
            "resourceId": 300000030749462,
            "managerName": "Vijay  Mallampalli"
        }
    ],
    "count": 265
}