{
    "RowCount": "257",
    "Contracts": [
        {
            "contract_id": "300000172087417",
            "contract_display": " SC00027 : Extended contract for Premium Support"
        },
        {
            "contract_id": "100000288977858",
            "contract_display": "1 : "
        },
        {
            "contract_id": "100000310150967",
            "contract_display": "1001 : "
        },
        {
            "contract_id": "100000368360251",
            "contract_display": "1002 : "
        },
        {
            "contract_id": "100000368360371",
            "contract_display": "1003 : "
        },
        {
            "contract_id": "100000368360759",
            "contract_display": "1004 : "
        },
        {
            "contract_id": "300001496424854",
            "contract_display": "1032 : Retention Contract"
        },
        {
            "contract_id": "300001514986715",
            "contract_display": "1033 : Retention Contract"
        },
        {
            "contract_id": "300001514986779",
            "contract_display": "1034 : Retention Contract"
        },
        {
            "contract_id": "300001514986832",
            "contract_display": "1035 : Retention Contract"
        },
        {
            "contract_id": "300001514986862",
            "contract_display": "1036 : OAK_PERCENT_COMPLETE"
        },
        {
            "contract_id": "300001514986933",
            "contract_display": "1037 : OAK_PERCENT_COMPLETE"
        },
        {
            "contract_id": "300001514986979",
            "contract_display": "1038 : OAK_PERCENT_COMPLETE"
        },
        {
            "contract_id": "300001514987014",
            "contract_display": "1039 : OAK_PERCENT_COMPLETE"
        },
        {
            "contract_id": "300000206205320",
            "contract_display": "17758_20202508 : 17758_20202508"
        },
        {
            "contract_id": "300000173371638",
            "contract_display": "1810C : 1080C"
        },
        {
            "contract_id": "300000169239315",
            "contract_display": "188CBB : "
        },
        {
            "contract_id": "300000169264215",
            "contract_display": "18BSM : 18BSM"
        },
        {
            "contract_id": "300000177773616",
            "contract_display": "19A332 : 19A332"
        },
        {
            "contract_id": "100000288977860",
            "contract_display": "2 : "
        },
        {
            "contract_id": "300000333920128",
            "contract_display": "234567 : Time Rite Project"
        },
        {
            "contract_id": "300000391217165",
            "contract_display": "23456789 : Rite Contract 123"
        },
        {
            "contract_id": "100000288977859",
            "contract_display": "3 : "
        },
        {
            "contract_id": "300000203643437",
            "contract_display": "31782_58116 : US1 CM443 BPA"
        },
        {
            "contract_id": "300000391217182",
            "contract_display": "3456789 : Rite 3456"
        },
        {
            "contract_id": "300000391216778",
            "contract_display": "456789 : RITE 2"
        },
        {
            "contract_id": "300000391217210",
            "contract_display": "456789000 : Rite 4567"
        },
        {
            "contract_id": "300000391216736",
            "contract_display": "987654 : Rite1"
        },
        {
            "contract_id": "300000101763136",
            "contract_display": "AMH001 : Phrenic Nerve Stimulation in Central Sleep Apnea"
        },
        {
            "contract_id": "300000123885397",
            "contract_display": "AMH002 : Sleep Apnea as Heart Disease Risk Factor"
        },
        {
            "contract_id": "300000160655623",
            "contract_display": "AMH003 : Advanced Cardiovascular Research"
        },
        {
            "contract_id": "300000071882111",
            "contract_display": "B445 : B445"
        },
        {
            "contract_id": "300000163016928",
            "contract_display": "BITEL-001 : "
        },
        {
            "contract_id": "300000074133824",
            "contract_display": "BL995 : BL995"
        },
        {
            "contract_id": "300000206205367",
            "contract_display": "BPA 001 : BPA 001"
        },
        {
            "contract_id": "300000206205397",
            "contract_display": "BPA002 : BPA002"
        },
        {
            "contract_id": "300000182511493",
            "contract_display": "C0038 : Business World FIN Upgrade"
        },
        {
            "contract_id": "300000060778395",
            "contract_display": "C10001 : Hilman Applications Implementation"
        },
        {
            "contract_id": "300000060778409",
            "contract_display": "C10002 : McNally Business Process Re-engineering"
        },
        {
            "contract_id": "300000062728576",
            "contract_display": "C10003 : LAF Procurement Implementation"
        },
        {
            "contract_id": "300000107751107",
            "contract_display": "C10004 : Hilman ERP Implementation"
        },
        {
            "contract_id": "300000115984107",
            "contract_display": "C10005 : Business World Data Security"
        },
        {
            "contract_id": "300000060778424",
            "contract_display": "C10007 : Fox Stores BI Implementation"
        },
        {
            "contract_id": "300000062728613",
            "contract_display": "C10008 : Business World Data Warehouse "
        },
        {
            "contract_id": "300000107751124",
            "contract_display": "C10009 : McNally BPR"
        },
        {
            "contract_id": "300000115984144",
            "contract_display": "C10010 : Stark FIN Implementation"
        },
        {
            "contract_id": "300000115984159",
            "contract_display": "C10012 : Stark Middleware Upgrade "
        },
        {
            "contract_id": "300000137561871",
            "contract_display": "C10013 : Business World BI Implementation"
        },
        {
            "contract_id": "300000107751150",
            "contract_display": "C10015 : LAF CRM Implementation"
        },
        {
            "contract_id": "300000060803395",
            "contract_display": "C10016 : Stark ERP Implementation"
        },
        {
            "contract_id": "300000115984122",
            "contract_display": "C10017 : Business World Technology Upgrade"
        },
        {
            "contract_id": "300000137561892",
            "contract_display": "C10018 : Business World SCM Upgrade"
        },
        {
            "contract_id": "300000137561908",
            "contract_display": "C10019 : Fox Stores Technology Upgrade"
        },
        {
            "contract_id": "300000060803408",
            "contract_display": "C10020 : Stark Technology Upgrade"
        },
        {
            "contract_id": "300000107751164",
            "contract_display": "C10021 : Fox Stores BDA Implementation"
        },
        {
            "contract_id": "300000062728627",
            "contract_display": "C10022 : Business World Middleware Upgrade"
        },
        {
            "contract_id": "300000060803421",
            "contract_display": "C10023 : McNally HCM Implementation"
        },
        {
            "contract_id": "300000156580645",
            "contract_display": "C10024 : LAF FIN Implementation"
        },
        {
            "contract_id": "300000158314269",
            "contract_display": "C10026 : Fox Stores PPM Implementation"
        },
        {
            "contract_id": "300000066483396",
            "contract_display": "C10028 : Dixon Financials Upgrade"
        },
        {
            "contract_id": "300000062728596",
            "contract_display": "C10030 : Business World SCM Implementation"
        },
        {
            "contract_id": "300000181251065",
            "contract_display": "C10033 : Business World BI Upgrade"
        },
        {
            "contract_id": "300000162756717",
            "contract_display": "C10036 : Hilman ERP Upgrade"
        },
        {
            "contract_id": "300000181251094",
            "contract_display": "C10039 : Fox Stores ERP Implementation"
        },
        {
            "contract_id": "300000163909908",
            "contract_display": "C10042 : Stark Database Upgrade"
        },
        {
            "contract_id": "300000227241690",
            "contract_display": "C10043 : Business World BDA Implementation"
        },
        {
            "contract_id": "300000191632004",
            "contract_display": "C10044 : LAF SCM Implementation"
        },
        {
            "contract_id": "300000194326571",
            "contract_display": "C10046 : Fox Stores CRM Implementation"
        },
        {
            "contract_id": "300000227241784",
            "contract_display": "C10048 : Business World ERP Implementation"
        },
        {
            "contract_id": "300000227241713",
            "contract_display": "C10049 : Fox Stores ERP Upgrade"
        },
        {
            "contract_id": "300000128536416",
            "contract_display": "C10050 : BW Training"
        },
        {
            "contract_id": "300000128536401",
            "contract_display": "C10055 : Dixon Financials Upgrade"
        },
        {
            "contract_id": "300000195588579",
            "contract_display": "C10056 : Hilman ERP Upgrade"
        },
        {
            "contract_id": "300000136201886",
            "contract_display": "C10058 : Dixon SCM Implementation"
        },
        {
            "contract_id": "300000195588727",
            "contract_display": "C10062 : Stark Database Upgrade"
        },
        {
            "contract_id": "300000175375446",
            "contract_display": "C10063 : Stark ERP Upgrade"
        },
        {
            "contract_id": "300000184252819",
            "contract_display": "C10068 : Dixon PPM Implementation"
        },
        {
            "contract_id": "300000216857228",
            "contract_display": "C10073 : Stark PRC Upgrade"
        },
        {
            "contract_id": "300000230806112",
            "contract_display": "C10080 : Business World Database MigrationBusiness World ERP Implementation"
        },
        {
            "contract_id": "300000069691921",
            "contract_display": "C20005 : Hilman GN Tower Tenancy"
        },
        {
            "contract_id": "300000141926788",
            "contract_display": "C20006 : Hilman GN Technology Services"
        },
        {
            "contract_id": "300000106541108",
            "contract_display": "C20015 : Hilman GN Tower Tenancy"
        },
        {
            "contract_id": "300000177756220",
            "contract_display": "C20020 : Hilman GN Security Services"
        },
        {
            "contract_id": "300000214900485",
            "contract_display": "C20033 : Hilman GN Security Services"
        },
        {
            "contract_id": "300000132575344",
            "contract_display": "C450 : C450"
        },
        {
            "contract_id": "300000074133559",
            "contract_display": "CCPA : CCPA"
        },
        {
            "contract_id": "300000081490473",
            "contract_display": "CCPC1 : "
        },
        {
            "contract_id": "300000183007805",
            "contract_display": "CFIT001 : Steel Design and Installation"
        },
        {
            "contract_id": "300000233623624",
            "contract_display": "CFIT015 : New Start Gyms - Service Repairs"
        },
        {
            "contract_id": "300000232873605",
            "contract_display": "CFIT017 : New Start Gyms - Service Repairs"
        },
        {
            "contract_id": "300000222179834",
            "contract_display": "CL44345 : CL44345"
        },
        {
            "contract_id": "300000222179800",
            "contract_display": "CL998473 : CL998473"
        },
        {
            "contract_id": "300000171693561",
            "contract_display": "CP334 : CP334"
        },
        {
            "contract_id": "300000204714987",
            "contract_display": "CPDSC1001 : Quest Wind Turbine"
        },
        {
            "contract_id": "300000207253336",
            "contract_display": "CPDSC1007 : Quest Phase 2 Wind Turbine"
        },
        {
            "contract_id": "300000196094333",
            "contract_display": "China MC Shangduo Inc : China MC Shangduo Inc"
        },
        {
            "contract_id": "300000214091879",
            "contract_display": "DHS-2730 : Pandemic Preparedness Study"
        },
        {
            "contract_id": "300000165257519",
            "contract_display": "DHS10001 : Homeland Security Grant Program"
        },
        {
            "contract_id": "300000085609158",
            "contract_display": "DHS1069 : Security Camera Installation"
        },
        {
            "contract_id": "300000131177112",
            "contract_display": "DHS1071 : Security Camera Installation - Phase II"
        },
        {
            "contract_id": "300000164862819",
            "contract_display": "DHS2071 : Fire and Emergency Services"
        },
        {
            "contract_id": "300000088255112",
            "contract_display": "DHS7700 : Fire and Emergency Response"
        },
        {
            "contract_id": "300000105932121",
            "contract_display": "DHS7701 : Fire and Emergency Response "
        },
        {
            "contract_id": "300000156718642",
            "contract_display": "DHS7704 : Homeland Security Advanced Research"
        },
        {
            "contract_id": "300000156718623",
            "contract_display": "DOE8704 : Cyber Security Training and Services"
        },
        {
            "contract_id": "300000200810552",
            "contract_display": "DOE8760 : Title I Grants to Local Educational Agencies (LEAs)"
        },
        {
            "contract_id": "300001013667640",
            "contract_display": "Demo Contract : Varanasi PWD Contract"
        },
        {
            "contract_id": "300001001693638",
            "contract_display": "Demo Contract Project : Demo Contract Project"
        },
        {
            "contract_id": "300000217696177",
            "contract_display": "Dixon Order Contract -001 : Dixon Order Contract -001"
        },
        {
            "contract_id": "300000133021344",
            "contract_display": "EIP2000 : EIP2000"
        },
        {
            "contract_id": "300000133021403",
            "contract_display": "EIP4444 : EIP4444"
        },
        {
            "contract_id": "300000152312812",
            "contract_display": "EPA-63560 : Air Quality and COPD"
        },
        {
            "contract_id": "300000085818121",
            "contract_display": "EPA1204 : Wastewater Treatment Plant Modernization"
        },
        {
            "contract_id": "300000137075856",
            "contract_display": "EPA8774 : Green Infrastructure -Phase II"
        },
        {
            "contract_id": "300000108448105",
            "contract_display": "EPA8776 : Green Infrastructure"
        },
        {
            "contract_id": "300000076350635",
            "contract_display": "EW1001 : EW1001"
        },
        {
            "contract_id": "300000196094218",
            "contract_display": "FR MC Masson Inc : FR MC Masson Inc"
        },
        {
            "contract_id": "300000071881909",
            "contract_display": "FR10001 : Orion Applications Upgrade"
        },
        {
            "contract_id": "300000137616870",
            "contract_display": "FR10002 : Orion Applications Implementation"
        },
        {
            "contract_id": "300000137616889",
            "contract_display": "FR10003 : Hilman Technology Upgrade"
        },
        {
            "contract_id": "300000085609191",
            "contract_display": "FR10004 : Hilman Business Process Reengineering"
        },
        {
            "contract_id": "300000085609204",
            "contract_display": "FR10005 : Quest Procurement Implementation"
        },
        {
            "contract_id": "300000142134783",
            "contract_display": "FR10006 : Orion Applications Implementation"
        },
        {
            "contract_id": "300000142134800",
            "contract_display": "FR10008 : Stark HCM Upgrade"
        },
        {
            "contract_id": "300000100750105",
            "contract_display": "FR10009 : Stark ERP Implementation"
        },
        {
            "contract_id": "300000145887093",
            "contract_display": "FR10010 : Quest BI Implementation"
        },
        {
            "contract_id": "300000137616905",
            "contract_display": "FR10011 : Quest Procurement Upgrade"
        },
        {
            "contract_id": "300000150950091",
            "contract_display": "FR10012 : Hilman FR SCM Implementation"
        },
        {
            "contract_id": "300000100750117",
            "contract_display": "FR10013 : Hilman FR PPM Implementation"
        },
        {
            "contract_id": "300000185706390",
            "contract_display": "FR10016 : Orion ERP Upgrade"
        },
        {
            "contract_id": "300000185706411",
            "contract_display": "FR10018 : Stark HCM Rollout"
        },
        {
            "contract_id": "300000182377481",
            "contract_display": "FR10020 : Quest BI Upgrade"
        },
        {
            "contract_id": "300000180780419",
            "contract_display": "FR10021 : Orion Applications Rollout"
        },
        {
            "contract_id": "300000180780444",
            "contract_display": "FR10023 : Hilman Database Upgrade"
        },
        {
            "contract_id": "300000230523021",
            "contract_display": "FR10026 : Orion FIN Implementaton"
        },
        {
            "contract_id": "300000230523042",
            "contract_display": "FR10028 : Stark ERP Rollout"
        },
        {
            "contract_id": "300000222671276",
            "contract_display": "FR10030 : Quest BI Upgrade"
        },
        {
            "contract_id": "300000224158107",
            "contract_display": "FR10031 : Orion Financial Upgrade"
        },
        {
            "contract_id": "300000185706432",
            "contract_display": "FR10032 : Hilman FR SCM Upgrade"
        },
        {
            "contract_id": "300000224158132",
            "contract_display": "FR10033 : Hilman ERP Implementation"
        },
        {
            "contract_id": "300000181430801",
            "contract_display": "FR10041 : Quest FIN Implementation"
        },
        {
            "contract_id": "300000233855976",
            "contract_display": "FR10042 : Hilman FR PRC Upgrade"
        },
        {
            "contract_id": "300000228389715",
            "contract_display": "FR10051 : Quest FIN Upgrade"
        },
        {
            "contract_id": "300000206205255",
            "contract_display": "Fax Paper Rolls Contract : "
        },
        {
            "contract_id": "300000052461829",
            "contract_display": "G55049 : G55049"
        },
        {
            "contract_id": "300000089097105",
            "contract_display": "HHS-15-034 : Healthy Tomorrows Partnership for Children Program (HTPCP)"
        },
        {
            "contract_id": "300000105932107",
            "contract_display": "HHS-15-035 : Health Tomorrows Partnership for Children Program"
        },
        {
            "contract_id": "300000160655659",
            "contract_display": "HHS-15-036 : National Health Improvement Program"
        },
        {
            "contract_id": "300000123796397",
            "contract_display": "HHS-16-038 : Prevention Research to Optimize Health"
        },
        {
            "contract_id": "300000195124119",
            "contract_display": "HHS-20-101 : Community Services Block Grant"
        },
        {
            "contract_id": "300000185942399",
            "contract_display": "IN10004 : ERP Implementation"
        },
        {
            "contract_id": "300000185942749",
            "contract_display": "IN10006 : FIN Upgrade"
        },
        {
            "contract_id": "300000074133543",
            "contract_display": "JBPA : JBPA"
        },
        {
            "contract_id": "300000101983133",
            "contract_display": "JJC300 : JJC300"
        },
        {
            "contract_id": "300000052609875",
            "contract_display": "JPO100 : JPO100"
        },
        {
            "contract_id": "300000052609894",
            "contract_display": "JPO200 : JPO200"
        },
        {
            "contract_id": "300000196094371",
            "contract_display": "Japan MC Lee Supplies : Japan MC Lee Supplies"
        },
        {
            "contract_id": "300000107421105",
            "contract_display": "LM2015 : LM2015"
        },
        {
            "contract_id": "300000181851915",
            "contract_display": "LP455 : LP455"
        },
        {
            "contract_id": "300000181132356",
            "contract_display": "LP999 : LP999"
        },
        {
            "contract_id": "300000166634383",
            "contract_display": "MG7566 : MG7566"
        },
        {
            "contract_id": "300000062728545",
            "contract_display": "MG993 : MG993"
        },
        {
            "contract_id": "300000166634696",
            "contract_display": "MLC-5678 : Clinical Trial 5678 – Asthma Testing"
        },
        {
            "contract_id": "300000173441181",
            "contract_display": "MM443 : MM443"
        },
        {
            "contract_id": "300000234415096",
            "contract_display": "Master Painting Contract : DWP Blanket Contract"
        },
        {
            "contract_id": "300000225135104",
            "contract_display": "Monster Fitness Sales Agreement : Monster Fitness Sales Agreement"
        },
        {
            "contract_id": "300000101812119",
            "contract_display": "NCI-43567 : Skin Cancer Clinical Trials 43567"
        },
        {
            "contract_id": "300000137075872",
            "contract_display": "NCI-43568 : Skin Cancer Clinical Research"
        },
        {
            "contract_id": "300000180284134",
            "contract_display": "NCI-43569 : Colon Cancer Clinical Research"
        },
        {
            "contract_id": "300000101763105",
            "contract_display": "NCI-5001 : A microneedle vaccine program for immunotherapy of melanoma"
        },
        {
            "contract_id": "300000101763122",
            "contract_display": "NCI-5002 : A microneedle vaccine program for immunotherapy of melanoma"
        },
        {
            "contract_id": "300000166815481",
            "contract_display": "NCI-5005 : T-Cell Recruitment in Immune Defense"
        },
        {
            "contract_id": "300000152312794",
            "contract_display": "NCI-63562 : Epidemiology of COPD"
        },
        {
            "contract_id": "300000122917397",
            "contract_display": "NCI-63569 : Colon Cancer Clinical Trials 63569"
        },
        {
            "contract_id": "300000214091781",
            "contract_display": "NIH-6018 : COVID-19 Clinical Vaccine Trials"
        },
        {
            "contract_id": "300000101812105",
            "contract_display": "NSF001 : Radiationless Magnetic Resonance Imaging"
        },
        {
            "contract_id": "300000142062781",
            "contract_display": "NSF002 : Radiation and Public Health Research"
        },
        {
            "contract_id": "300000183144682",
            "contract_display": "NSF003 : Radiation Protection Research"
        },
        {
            "contract_id": "300000313534871",
            "contract_display": "OAK_Fixed_Bid_Contract : OAK_Fixed_Bid_Contract"
        },
        {
            "contract_id": "300000313837899",
            "contract_display": "OAK_PERCENT_COMPLETE : OAK_PERCENT_COMPLETE"
        },
        {
            "contract_id": "300000313837927",
            "contract_display": "OAK_PERCENT_SPENT : OAK_PERCENT_SPENT"
        },
        {
            "contract_id": "300000313770582",
            "contract_display": "OAK_RATE_BASED : OAK_RATE_BASED"
        },
        {
            "contract_id": "300000177768533",
            "contract_display": "OMSA80010-101 : OMSA80010-101"
        },
        {
            "contract_id": "300000225134959",
            "contract_display": "Orbitals Order Sales Agreement : Orbitals Order Sales Agreement"
        },
        {
            "contract_id": "300000182210661",
            "contract_display": "PCCL300 : PCCL300"
        },
        {
            "contract_id": "300000181952893",
            "contract_display": "PCLP222 : PCLP222"
        },
        {
            "contract_id": "300000062728403",
            "contract_display": "PHW42 : Lee Supplies PO Contract"
        },
        {
            "contract_id": "300000255493804",
            "contract_display": "PPM Fixed Bid : PPM Fixed Bid"
        },
        {
            "contract_id": "300000255494072",
            "contract_display": "PPM Percent Complete : PPM Percent Complete"
        },
        {
            "contract_id": "300000255494091",
            "contract_display": "PPM Percent Spent : PPM Percent Spent"
        },
        {
            "contract_id": "300000255494010",
            "contract_display": "PPM Rate Based : PPM Rate Based"
        },
        {
            "contract_id": "300000067124966",
            "contract_display": "Pinnacle Tech SNL : Pinnacle Tech SNL"
        },
        {
            "contract_id": "300000067124927",
            "contract_display": "Pinnacle Technologies SLSA : Pinnacle Technologies SLSA"
        },
        {
            "contract_id": "300000081321476",
            "contract_display": "ProPC3 : ProPC3"
        },
        {
            "contract_id": "300000196094256",
            "contract_display": "Progress US MC Lee Supplies : Progress US MC Lee Suppiles"
        },
        {
            "contract_id": "300000066738422",
            "contract_display": "RA511 : RA511"
        },
        {
            "contract_id": "300000846786044",
            "contract_display": "RITE16 : "
        },
        {
            "contract_id": "300000095899105",
            "contract_display": "RP5540 : RP5540"
        },
        {
            "contract_id": "300000222191415",
            "contract_display": "S4434EE : S4434EE"
        },
        {
            "contract_id": "300000157463249",
            "contract_display": "SC00011 : Premium Support for Hardware"
        },
        {
            "contract_id": "300000157463265",
            "contract_display": "SC00012 : Subscription for Cloud back services"
        },
        {
            "contract_id": "300000175635285",
            "contract_display": "SC00028 : "
        },
        {
            "contract_id": "300000175635721",
            "contract_display": "SC00029 : "
        },
        {
            "contract_id": "300000162765673",
            "contract_display": "SC0015 : Subscription for Cloud backup services(tiered pricing)"
        },
        {
            "contract_id": "300000162815337",
            "contract_display": "SC0020 : Extended service contract for premium support"
        },
        {
            "contract_id": "300000184184119",
            "contract_display": "SC_002 : "
        },
        {
            "contract_id": "300000184184622",
            "contract_display": "SC_003 : "
        },
        {
            "contract_id": "300000164729231",
            "contract_display": "SL99 : SL99"
        },
        {
            "contract_id": "300000066738395",
            "contract_display": "SM443 : SM443"
        },
        {
            "contract_id": "300000172565825",
            "contract_display": "SR00123 : "
        },
        {
            "contract_id": "300000223542093",
            "contract_display": "Service Repairs Contract  HC 004 : Service Repairs Contract HC 003"
        },
        {
            "contract_id": "300000223541792",
            "contract_display": "Service Repairs Contract HC 002 : Service Repairs Contract HC 002"
        },
        {
            "contract_id": "300000223542006",
            "contract_display": "Service Repairs Contract HC003 : Service Repairs Contract HC 003"
        },
        {
            "contract_id": "300000196094132",
            "contract_display": "Supremo US MC Lee Supplies : Supremo US MC Lee Supplies"
        },
        {
            "contract_id": "300000071882024",
            "contract_display": "TE223 : TE223"
        },
        {
            "contract_id": "300000062728506",
            "contract_display": "TI 888 : TI 888"
        },
        {
            "contract_id": "300000169239527",
            "contract_display": "TT522 : "
        },
        {
            "contract_id": "300000196094170",
            "contract_display": "UK MC Consolidated Supplies : UK MC Consolidated Supplies"
        },
        {
            "contract_id": "300000071881900",
            "contract_display": "UK10001 : Quest CRM Upgrade"
        },
        {
            "contract_id": "300000137591858",
            "contract_display": "UK10002 : Quest Percent Complete Billing"
        },
        {
            "contract_id": "300000137591879",
            "contract_display": "UK10003 : Hilman Technology Upgrade"
        },
        {
            "contract_id": "300000074133577",
            "contract_display": "UK10004 : Hilman BPR"
        },
        {
            "contract_id": "300000085609219",
            "contract_display": "UK10005 : Orion Procurement Implementation"
        },
        {
            "contract_id": "300000142323783",
            "contract_display": "UK10006 : Quest ERP Implementation"
        },
        {
            "contract_id": "300000142323799",
            "contract_display": "UK10008 : Stark HCM Upgrade"
        },
        {
            "contract_id": "300000101197105",
            "contract_display": "UK10009 : Stark ERP Implementation"
        },
        {
            "contract_id": "300000145887129",
            "contract_display": "UK10010 : Orion ERP Implementation"
        },
        {
            "contract_id": "300000137591897",
            "contract_display": "UK10011 : Orion Procurement Upgrade"
        },
        {
            "contract_id": "300000150950111",
            "contract_display": "UK10012 : Hilman UK SCM Implementation"
        },
        {
            "contract_id": "300000101197119",
            "contract_display": "UK10013 : Hilman UK PPM Implementation"
        },
        {
            "contract_id": "300000185706626",
            "contract_display": "UK10016 : Quest ERP Upgrade"
        },
        {
            "contract_id": "300000185706653",
            "contract_display": "UK10018 : Stark UK HCM Rollout"
        },
        {
            "contract_id": "300000182377423",
            "contract_display": "UK10020 : Orion ERP Upgrade"
        },
        {
            "contract_id": "300000180787928",
            "contract_display": "UK10021 : Quest Percent Complete Billing"
        },
        {
            "contract_id": "300000180787951",
            "contract_display": "UK10023 : Hilman Database Upgrade"
        },
        {
            "contract_id": "300000230523169",
            "contract_display": "UK10026 : Quest BI Implementation"
        },
        {
            "contract_id": "300000230523190",
            "contract_display": "UK10028 : Stark UK ERP Upgrade"
        },
        {
            "contract_id": "300000222671253",
            "contract_display": "UK10030 : Orion BI Upgrade"
        },
        {
            "contract_id": "300000224158290",
            "contract_display": "UK10031 : Quest PRC Upgrade"
        },
        {
            "contract_id": "300000185706674",
            "contract_display": "UK10032 : Hilman UK SCM Upgrade"
        },
        {
            "contract_id": "300000224158313",
            "contract_display": "UK10033 : Hilman BI Upgrade"
        },
        {
            "contract_id": "300000181430958",
            "contract_display": "UK10041 : Orion FIN Implementation"
        },
        {
            "contract_id": "300000233855997",
            "contract_display": "UK10042 : Hilman UK PRC Upgrade"
        },
        {
            "contract_id": "300000228389758",
            "contract_display": "UK10051 : Orion FIN Upgrade"
        },
        {
            "contract_id": "300000071776273",
            "contract_display": "UKBL 878 : UKBL 878"
        },
        {
            "contract_id": "300000092836107",
            "contract_display": "UKIC20001 : Intercompany"
        },
        {
            "contract_id": "300000136216851",
            "contract_display": "UKIC20002 : Intercompany"
        },
        {
            "contract_id": "300000184252842",
            "contract_display": "UKIC20003 : Intercompany"
        },
        {
            "contract_id": "300000051375704",
            "contract_display": "US JMK : US JMK"
        },
        {
            "contract_id": "300000297458326",
            "contract_display": "US-FB-01 : US Fixed Bid"
        },
        {
            "contract_id": "300000297458563",
            "contract_display": "US-RB-01 : "
        },
        {
            "contract_id": "300000073892539",
            "contract_display": "US1 JMK : US1 JMK"
        },
        {
            "contract_id": "300000196094093",
            "contract_display": "US1 MC Lee : US1 MC Lee Supplies"
        },
        {
            "contract_id": "300000196094294",
            "contract_display": "University US MC Lee Supplies : University US MC Lee Supplies"
        },
        {
            "contract_id": "300000181952401",
            "contract_display": "VSS443 : VSS443"
        },
        {
            "contract_id": "300000184764979",
            "contract_display": "YE44 : YE44"
        },
        {
            "contract_id": "300000081490582",
            "contract_display": "YLPC3 : YLPC3"
        }
    ]
}