{
    "fields": [
        {
            "type": "number",
            "name": "id",
            "internal": false,
            "key": true,
            "oid": "bd0e1ada-2b53-4e79-a9b2-7bd72117fb3f",
            "required": true,
            "unique": true,
            "displayLabel": "Id"
        },
        {
            "type": "datetime",
            "name": "creationDate",
            "internal": false,
            "oid": "720de951-d262-4407-8420-fc54b185bb8a",
            "displayLabel": "Created",
            "historyType": "timeCreated"
        },
        {
            "type": "datetime",
            "name": "lastUpdateDate",
            "internal": false,
            "oid": "a4dd230c-210f-4616-bb37-19c4f8ed782e",
            "displayLabel": "Last Updated",
            "historyType": "timeUpdated"
        },
        {
            "type": "string",
            "name": "createdBy",
            "internal": false,
            "oid": "49b9644f-a2d2-4e30-b4ea-9b05e6206446",
            "displayLabel": "Created By",
            "historyType": "createdBy"
        },
        {
            "type": "string",
            "name": "lastUpdatedBy",
            "internal": false,
            "oid": "25ec1d51-ec65-41e1-9aa7-8d5d80e5397c",
            "displayLabel": "Last Updated By",
            "historyType": "updatedBy"
        },
        {
            "type": "number",
            "name": "versionNumber",
            "internal": false,
            "oid": "36c6253a-8f78-4c01-8695-08d89d7ce696",
            "displayLabel": "Version Number",
            "historyType": "versionNumber"
        },
        {
            "type": "string",
            "name": "retType",
            "oid": "ae3f298a-a15d-4007-92ac-d0a4a3c80cf1",
            "displayLabel": "RetType"
        }
    ],
    "name": "RetValues",
    "oid": "cf917259-ee9e-406f-ad9e-fe001931b9e2",
    "displayLabel": "Ret Values"
}