{
    "fields": [
        {
            "type": "number",
            "name": "id",
            "internal": false,
            "key": true,
            "oid": "9b3474e1-083c-4d1d-a9c9-3269f35e940d",
            "required": true,
            "unique": true,
            "displayLabel": "Id"
        },
        {
            "type": "datetime",
            "name": "creationDate",
            "internal": false,
            "oid": "7b627a59-eeb6-4923-9483-789077cd7108",
            "displayLabel": "Created",
            "historyType": "timeCreated"
        },
        {
            "type": "datetime",
            "name": "lastUpdateDate",
            "internal": false,
            "oid": "8999f95c-59dc-4378-91f1-b2adddfb5e3b",
            "displayLabel": "Last Updated",
            "historyType": "timeUpdated"
        },
        {
            "type": "string",
            "name": "createdBy",
            "internal": false,
            "oid": "e529ea65-45f2-4d7c-8ad7-23dc54316e0a",
            "displayLabel": "Created By",
            "historyType": "createdBy"
        },
        {
            "type": "string",
            "name": "lastUpdatedBy",
            "internal": false,
            "oid": "79316b6b-0083-42e1-9561-0c40834f4b60",
            "displayLabel": "Last Updated By",
            "historyType": "updatedBy"
        },
        {
            "type": "number",
            "name": "versionNumber",
            "internal": false,
            "oid": "cbb718c6-55dc-458d-a708-b018ecab7563",
            "displayLabel": "Version Number",
            "historyType": "versionNumber"
        },
        {
            "type": "string",
            "name": "resourceType",
            "oid": "0d5858ed-c5bd-4105-bb47-465561059de1",
            "displayLabel": "Resource Type"
        },
        {
            "type": "string",
            "name": "resourceName",
            "oid": "beef7d45-8541-4454-af84-b169ce2bceda",
            "displayLabel": "Resource Name"
        },
        {
            "type": "number",
            "name": "billRole",
            "oid": "5be2902b-52c4-45bf-b6c5-910fe9c0adc5",
            "displayLabel": "BillRole"
        },
        {
            "type": "number",
            "name": "payRate",
            "oid": "150cc1e5-a104-40b9-9a59-49b1b707afd4",
            "displayLabel": "Pay Rate"
        },
        {
            "type": "number",
            "name": "oTRate",
            "oid": "ce37b56e-9951-4abb-808e-7bf597d6ec05",
            "displayLabel": "OT Rate"
        },
        {
            "type": "string",
            "name": "location",
            "oid": "d41c83e9-e4e2-4cfb-904c-d91a21488df0",
            "displayLabel": "Location"
        },
        {
            "type": "string",
            "name": "equipmentCategory",
            "oid": "07cc07b1-2974-4261-96ba-4dfbabeb634f",
            "displayLabel": "Equipment Category"
        },
        {
            "type": "number",
            "name": "equipmentRate",
            "oid": "a2369222-1b18-41d2-af8c-37875670187e",
            "displayLabel": "Equipment Rate"
        },
        {
            "type": "string",
            "name": "activeFlag",
            "oid": "b90df37d-6288-4510-88e1-a88941b097b8",
            "displayLabel": "Active Flag"
        },
        {
            "type": "date",
            "name": "effectiveStartDate",
            "oid": "6aacb32d-c3b3-4ae2-9313-bd06318a7cfd",
            "displayLabel": "Effective Start Date"
        },
{
            "type": "date",
            "name": "effectiveEndDate",
            "oid": "374e8d7c-63c6-48ae-8ffd-d8555b3673d5",
            "displayLabel": "Effective End Date"
        },
        {
            "type": "date",
            "name": "date1",
            "oid": "5510fdce-6665-4f19-b9db-5e6a8b6194b5",
            "displayLabel": "Date"
        }        ,
        {
            "type": "time",
            "name": "timeIn",
            "oid": "31ab8e49-719f-4416-982b-16b3a8bb5271",
            "displayLabel": "Time in"
        }        ,
        {
            "type": "time",
            "name": "timeOut",
            "oid": "1f05a2fb-1d2e-4fd3-93b5-02a1b1d50dab",
            "displayLabel": "Time Out"
        }
    ],
    "name": "ResourceInfo",
    "oid": "4a72e0d5-022a-4b34-ae43-a71668414096",
    "displayLabel": "Resource Info"
}