{
    "items": [
        {
            "contract_number": "PCS10080"
        }
    ],
    "hasMore": false,
    "limit": 500,
    "offset": 0,
    "count": 1,
    "links": [
        {
            "rel": "self",
            "href": "http://129.158.228.138:8080/ords/timerite/timerite/adminContractLOV?PARTY_NAME=ABC+Application+Software"
        },
        {
            "rel": "describedby",
            "href": "http://129.158.228.138:8080/ords/timerite/metadata-catalog/timerite/item"
        },
        {
            "rel": "first",
            "href": "http://129.158.228.138:8080/ords/timerite/timerite/adminContractLOV?PARTY_NAME=ABC+Application+Software&limit=500"
        }
    ]
}